,Title,URL,Year,Rating,Actors,Director
0,The Shawshank Redemption,http://www.imdb.com/title/tt0111161/?pf_rd_m=A2FGELUUNOQJNL&pf_rd_p=e31d89dd-322d-4646-8962-327b42fe94b1&pf_rd_r=0E90E63ZSE044HFQM0G4&pf_rd_s=center-1&pf_rd_t=15506&pf_rd_i=top&ref_=chttp_tt_1,1994,9.2," Tim Robbins, Morgan Freeman",Frank Darabont 
1,The Godfather,http://www.imdb.com/title/tt0068646/?pf_rd_m=A2FGELUUNOQJNL&pf_rd_p=e31d89dd-322d-4646-8962-327b42fe94b1&pf_rd_r=0E90E63ZSE044HFQM0G4&pf_rd_s=center-1&pf_rd_t=15506&pf_rd_i=top&ref_=chttp_tt_2,1972,9.2," Marlon Brando, Al Pacino",Francis Ford Coppola 
2,The Godfather: Part II,http://www.imdb.com/title/tt0071562/?pf_rd_m=A2FGELUUNOQJNL&pf_rd_p=e31d89dd-322d-4646-8962-327b42fe94b1&pf_rd_r=0E90E63ZSE044HFQM0G4&pf_rd_s=center-1&pf_rd_t=15506&pf_rd_i=top&ref_=chttp_tt_3,1974,9.0," Al Pacino, Robert De Niro",Francis Ford Coppola 
3,The Dark Knight,http://www.imdb.com/title/tt0468569/?pf_rd_m=A2FGELUUNOQJNL&pf_rd_p=e31d89dd-322d-4646-8962-327b42fe94b1&pf_rd_r=0E90E63ZSE044HFQM0G4&pf_rd_s=center-1&pf_rd_t=15506&pf_rd_i=top&ref_=chttp_tt_4,2008,9.0," Christian Bale, Heath Ledger",Christopher Nolan 
4,12 Angry Men,http://www.imdb.com/title/tt0050083/?pf_rd_m=A2FGELUUNOQJNL&pf_rd_p=e31d89dd-322d-4646-8962-327b42fe94b1&pf_rd_r=0E90E63ZSE044HFQM0G4&pf_rd_s=center-1&pf_rd_t=15506&pf_rd_i=top&ref_=chttp_tt_5,1957,8.9," Henry Fonda, Lee J. Cobb",Sidney Lumet 
5,Schindler's List,http://www.imdb.com/title/tt0108052/?pf_rd_m=A2FGELUUNOQJNL&pf_rd_p=e31d89dd-322d-4646-8962-327b42fe94b1&pf_rd_r=0E90E63ZSE044HFQM0G4&pf_rd_s=center-1&pf_rd_t=15506&pf_rd_i=top&ref_=chttp_tt_6,1993,8.9," Liam Neeson, Ralph Fiennes",Steven Spielberg 
6,Pulp Fiction,http://www.imdb.com/title/tt0110912/?pf_rd_m=A2FGELUUNOQJNL&pf_rd_p=e31d89dd-322d-4646-8962-327b42fe94b1&pf_rd_r=0E90E63ZSE044HFQM0G4&pf_rd_s=center-1&pf_rd_t=15506&pf_rd_i=top&ref_=chttp_tt_7,1994,8.9," John Travolta, Uma Thurman",Quentin Tarantino 
7,The Lord of the Rings: The Return of the King,http://www.imdb.com/title/tt0167260/?pf_rd_m=A2FGELUUNOQJNL&pf_rd_p=e31d89dd-322d-4646-8962-327b42fe94b1&pf_rd_r=0E90E63ZSE044HFQM0G4&pf_rd_s=center-1&pf_rd_t=15506&pf_rd_i=top&ref_=chttp_tt_8,2003,8.9," Elijah Wood, Viggo Mortensen",Peter Jackson 
8,"Il buono, il brutto, il cattivo",http://www.imdb.com/title/tt0060196/?pf_rd_m=A2FGELUUNOQJNL&pf_rd_p=e31d89dd-322d-4646-8962-327b42fe94b1&pf_rd_r=0E90E63ZSE044HFQM0G4&pf_rd_s=center-1&pf_rd_t=15506&pf_rd_i=top&ref_=chttp_tt_9,1966,8.8," Clint Eastwood, Eli Wallach",Sergio Leone 
9,Fight Club,http://www.imdb.com/title/tt0137523/?pf_rd_m=A2FGELUUNOQJNL&pf_rd_p=e31d89dd-322d-4646-8962-327b42fe94b1&pf_rd_r=0E90E63ZSE044HFQM0G4&pf_rd_s=center-1&pf_rd_t=15506&pf_rd_i=top&ref_=chttp_tt_10,1999,8.8," Brad Pitt, Edward Norton",David Fincher 
10,The Lord of the Rings: The Fellowship of the Ring,http://www.imdb.com/title/tt0120737/?pf_rd_m=A2FGELUUNOQJNL&pf_rd_p=e31d89dd-322d-4646-8962-327b42fe94b1&pf_rd_r=0E90E63ZSE044HFQM0G4&pf_rd_s=center-1&pf_rd_t=15506&pf_rd_i=top&ref_=chttp_tt_11,2001,8.8," Elijah Wood, Ian McKellen",Peter Jackson 
11,Forrest Gump,http://www.imdb.com/title/tt0109830/?pf_rd_m=A2FGELUUNOQJNL&pf_rd_p=e31d89dd-322d-4646-8962-327b42fe94b1&pf_rd_r=0E90E63ZSE044HFQM0G4&pf_rd_s=center-1&pf_rd_t=15506&pf_rd_i=top&ref_=chttp_tt_12,1994,8.7," Tom Hanks, Robin Wright",Robert Zemeckis 
12,Star Wars: Episode V - The Empire Strikes Back,http://www.imdb.com/title/tt0080684/?pf_rd_m=A2FGELUUNOQJNL&pf_rd_p=e31d89dd-322d-4646-8962-327b42fe94b1&pf_rd_r=0E90E63ZSE044HFQM0G4&pf_rd_s=center-1&pf_rd_t=15506&pf_rd_i=top&ref_=chttp_tt_13,1980,8.7," Mark Hamill, Harrison Ford",Irvin Kershner 
13,Inception,http://www.imdb.com/title/tt1375666/?pf_rd_m=A2FGELUUNOQJNL&pf_rd_p=e31d89dd-322d-4646-8962-327b42fe94b1&pf_rd_r=0E90E63ZSE044HFQM0G4&pf_rd_s=center-1&pf_rd_t=15506&pf_rd_i=top&ref_=chttp_tt_14,2010,8.7," Leonardo DiCaprio, Joseph Gordon-Levitt",Christopher Nolan 
14,The Lord of the Rings: The Two Towers,http://www.imdb.com/title/tt0167261/?pf_rd_m=A2FGELUUNOQJNL&pf_rd_p=e31d89dd-322d-4646-8962-327b42fe94b1&pf_rd_r=0E90E63ZSE044HFQM0G4&pf_rd_s=center-1&pf_rd_t=15506&pf_rd_i=top&ref_=chttp_tt_15,2002,8.7," Elijah Wood, Ian McKellen",Peter Jackson 
15,One Flew Over the Cuckoo's Nest,http://www.imdb.com/title/tt0073486/?pf_rd_m=A2FGELUUNOQJNL&pf_rd_p=e31d89dd-322d-4646-8962-327b42fe94b1&pf_rd_r=0E90E63ZSE044HFQM0G4&pf_rd_s=center-1&pf_rd_t=15506&pf_rd_i=top&ref_=chttp_tt_16,1975,8.7," Jack Nicholson, Louise Fletcher",Milos Forman 
16,Goodfellas,http://www.imdb.com/title/tt0099685/?pf_rd_m=A2FGELUUNOQJNL&pf_rd_p=e31d89dd-322d-4646-8962-327b42fe94b1&pf_rd_r=0E90E63ZSE044HFQM0G4&pf_rd_s=center-1&pf_rd_t=15506&pf_rd_i=top&ref_=chttp_tt_17,1990,8.7," Robert De Niro, Ray Liotta",Martin Scorsese 
17,The Matrix,http://www.imdb.com/title/tt0133093/?pf_rd_m=A2FGELUUNOQJNL&pf_rd_p=e31d89dd-322d-4646-8962-327b42fe94b1&pf_rd_r=0E90E63ZSE044HFQM0G4&pf_rd_s=center-1&pf_rd_t=15506&pf_rd_i=top&ref_=chttp_tt_18,1999,8.7," Keanu Reeves, Laurence Fishburne",Lana Wachowski 
18,Shichinin no samurai,http://www.imdb.com/title/tt0047478/?pf_rd_m=A2FGELUUNOQJNL&pf_rd_p=e31d89dd-322d-4646-8962-327b42fe94b1&pf_rd_r=0E90E63ZSE044HFQM0G4&pf_rd_s=center-1&pf_rd_t=15506&pf_rd_i=top&ref_=chttp_tt_19,1954,8.6," Toshirô Mifune, Takashi Shimura",Akira Kurosawa 
19,Star Wars,http://www.imdb.com/title/tt0076759/?pf_rd_m=A2FGELUUNOQJNL&pf_rd_p=e31d89dd-322d-4646-8962-327b42fe94b1&pf_rd_r=0E90E63ZSE044HFQM0G4&pf_rd_s=center-1&pf_rd_t=15506&pf_rd_i=top&ref_=chttp_tt_20,1977,8.6," Mark Hamill, Harrison Ford",George Lucas 
20,Cidade de Deus,http://www.imdb.com/title/tt0317248/?pf_rd_m=A2FGELUUNOQJNL&pf_rd_p=e31d89dd-322d-4646-8962-327b42fe94b1&pf_rd_r=0E90E63ZSE044HFQM0G4&pf_rd_s=center-1&pf_rd_t=15506&pf_rd_i=top&ref_=chttp_tt_21,2002,8.6," Alexandre Rodrigues, Leandro Firmino",Fernando Meirelles 
21,Se7en,http://www.imdb.com/title/tt0114369/?pf_rd_m=A2FGELUUNOQJNL&pf_rd_p=e31d89dd-322d-4646-8962-327b42fe94b1&pf_rd_r=0E90E63ZSE044HFQM0G4&pf_rd_s=center-1&pf_rd_t=15506&pf_rd_i=top&ref_=chttp_tt_22,1995,8.6," Morgan Freeman, Brad Pitt",David Fincher 
22,The Silence of the Lambs,http://www.imdb.com/title/tt0102926/?pf_rd_m=A2FGELUUNOQJNL&pf_rd_p=e31d89dd-322d-4646-8962-327b42fe94b1&pf_rd_r=0E90E63ZSE044HFQM0G4&pf_rd_s=center-1&pf_rd_t=15506&pf_rd_i=top&ref_=chttp_tt_23,1991,8.6," Jodie Foster, Anthony Hopkins",Jonathan Demme 
23,It's a Wonderful Life,http://www.imdb.com/title/tt0038650/?pf_rd_m=A2FGELUUNOQJNL&pf_rd_p=e31d89dd-322d-4646-8962-327b42fe94b1&pf_rd_r=0E90E63ZSE044HFQM0G4&pf_rd_s=center-1&pf_rd_t=15506&pf_rd_i=top&ref_=chttp_tt_24,1946,8.6," James Stewart, Donna Reed",Frank Capra 
24,La vita è bella,http://www.imdb.com/title/tt0118799/?pf_rd_m=A2FGELUUNOQJNL&pf_rd_p=e31d89dd-322d-4646-8962-327b42fe94b1&pf_rd_r=0E90E63ZSE044HFQM0G4&pf_rd_s=center-1&pf_rd_t=15506&pf_rd_i=top&ref_=chttp_tt_25,1997,8.6," Roberto Benigni, Nicoletta Braschi",Roberto Benigni 
25,The Usual Suspects,http://www.imdb.com/title/tt0114814/?pf_rd_m=A2FGELUUNOQJNL&pf_rd_p=e31d89dd-322d-4646-8962-327b42fe94b1&pf_rd_r=0E90E63ZSE044HFQM0G4&pf_rd_s=center-1&pf_rd_t=15506&pf_rd_i=top&ref_=chttp_tt_26,1995,8.6," Kevin Spacey, Gabriel Byrne",Bryan Singer 
26,Léon,http://www.imdb.com/title/tt0110413/?pf_rd_m=A2FGELUUNOQJNL&pf_rd_p=e31d89dd-322d-4646-8962-327b42fe94b1&pf_rd_r=0E90E63ZSE044HFQM0G4&pf_rd_s=center-1&pf_rd_t=15506&pf_rd_i=top&ref_=chttp_tt_27,1994,8.5," Jean Reno, Gary Oldman",Luc Besson 
27,Sen to Chihiro no kamikakushi,http://www.imdb.com/title/tt0245429/?pf_rd_m=A2FGELUUNOQJNL&pf_rd_p=e31d89dd-322d-4646-8962-327b42fe94b1&pf_rd_r=0E90E63ZSE044HFQM0G4&pf_rd_s=center-1&pf_rd_t=15506&pf_rd_i=top&ref_=chttp_tt_28,2001,8.5," Daveigh Chase, Suzanne Pleshette",Hayao Miyazaki 
28,Saving Private Ryan,http://www.imdb.com/title/tt0120815/?pf_rd_m=A2FGELUUNOQJNL&pf_rd_p=e31d89dd-322d-4646-8962-327b42fe94b1&pf_rd_r=0E90E63ZSE044HFQM0G4&pf_rd_s=center-1&pf_rd_t=15506&pf_rd_i=top&ref_=chttp_tt_29,1998,8.5," Tom Hanks, Matt Damon",Steven Spielberg 
29,Interstellar,http://www.imdb.com/title/tt0816692/?pf_rd_m=A2FGELUUNOQJNL&pf_rd_p=e31d89dd-322d-4646-8962-327b42fe94b1&pf_rd_r=0E90E63ZSE044HFQM0G4&pf_rd_s=center-1&pf_rd_t=15506&pf_rd_i=top&ref_=chttp_tt_30,2014,8.5," Matthew McConaughey, Anne Hathaway",Christopher Nolan 
30,The Green Mile,http://www.imdb.com/title/tt0120689/?pf_rd_m=A2FGELUUNOQJNL&pf_rd_p=e31d89dd-322d-4646-8962-327b42fe94b1&pf_rd_r=0E90E63ZSE044HFQM0G4&pf_rd_s=center-1&pf_rd_t=15506&pf_rd_i=top&ref_=chttp_tt_31,1999,8.5," Tom Hanks, Michael Clarke Duncan",Frank Darabont 
31,American History X,http://www.imdb.com/title/tt0120586/?pf_rd_m=A2FGELUUNOQJNL&pf_rd_p=e31d89dd-322d-4646-8962-327b42fe94b1&pf_rd_r=0E90E63ZSE044HFQM0G4&pf_rd_s=center-1&pf_rd_t=15506&pf_rd_i=top&ref_=chttp_tt_32,1998,8.5," Edward Norton, Edward Furlong",Tony Kaye 
32,Once Upon a Time in the West,http://www.imdb.com/title/tt0064116/?pf_rd_m=A2FGELUUNOQJNL&pf_rd_p=e31d89dd-322d-4646-8962-327b42fe94b1&pf_rd_r=0E90E63ZSE044HFQM0G4&pf_rd_s=center-1&pf_rd_t=15506&pf_rd_i=top&ref_=chttp_tt_33,1968,8.5," Henry Fonda, Charles Bronson",Sergio Leone 
33,Psycho,http://www.imdb.com/title/tt0054215/?pf_rd_m=A2FGELUUNOQJNL&pf_rd_p=e31d89dd-322d-4646-8962-327b42fe94b1&pf_rd_r=0E90E63ZSE044HFQM0G4&pf_rd_s=center-1&pf_rd_t=15506&pf_rd_i=top&ref_=chttp_tt_34,1960,8.5," Anthony Perkins, Janet Leigh",Alfred Hitchcock 
34,City Lights,http://www.imdb.com/title/tt0021749/?pf_rd_m=A2FGELUUNOQJNL&pf_rd_p=e31d89dd-322d-4646-8962-327b42fe94b1&pf_rd_r=0E90E63ZSE044HFQM0G4&pf_rd_s=center-1&pf_rd_t=15506&pf_rd_i=top&ref_=chttp_tt_35,1931,8.5," Charles Chaplin, Virginia Cherrill",Charles Chaplin 
35,Casablanca,http://www.imdb.com/title/tt0034583/?pf_rd_m=A2FGELUUNOQJNL&pf_rd_p=e31d89dd-322d-4646-8962-327b42fe94b1&pf_rd_r=0E90E63ZSE044HFQM0G4&pf_rd_s=center-1&pf_rd_t=15506&pf_rd_i=top&ref_=chttp_tt_36,1942,8.5," Humphrey Bogart, Ingrid Bergman",Michael Curtiz 
36,The Intouchables,http://www.imdb.com/title/tt1675434/?pf_rd_m=A2FGELUUNOQJNL&pf_rd_p=e31d89dd-322d-4646-8962-327b42fe94b1&pf_rd_r=0E90E63ZSE044HFQM0G4&pf_rd_s=center-1&pf_rd_t=15506&pf_rd_i=top&ref_=chttp_tt_37,2011,8.5," François Cluzet, Omar Sy",Olivier Nakache 
37,Modern Times,http://www.imdb.com/title/tt0027977/?pf_rd_m=A2FGELUUNOQJNL&pf_rd_p=e31d89dd-322d-4646-8962-327b42fe94b1&pf_rd_r=0E90E63ZSE044HFQM0G4&pf_rd_s=center-1&pf_rd_t=15506&pf_rd_i=top&ref_=chttp_tt_38,1936,8.5," Charles Chaplin, Paulette Goddard",Charles Chaplin 
38,The Pianist,http://www.imdb.com/title/tt0253474/?pf_rd_m=A2FGELUUNOQJNL&pf_rd_p=e31d89dd-322d-4646-8962-327b42fe94b1&pf_rd_r=0E90E63ZSE044HFQM0G4&pf_rd_s=center-1&pf_rd_t=15506&pf_rd_i=top&ref_=chttp_tt_39,2002,8.5," Adrien Brody, Thomas Kretschmann",Roman Polanski 
39,The Departed,http://www.imdb.com/title/tt0407887/?pf_rd_m=A2FGELUUNOQJNL&pf_rd_p=e31d89dd-322d-4646-8962-327b42fe94b1&pf_rd_r=0E90E63ZSE044HFQM0G4&pf_rd_s=center-1&pf_rd_t=15506&pf_rd_i=top&ref_=chttp_tt_40,2006,8.5," Leonardo DiCaprio, Matt Damon",Martin Scorsese 
40,Raiders of the Lost Ark,http://www.imdb.com/title/tt0082971/?pf_rd_m=A2FGELUUNOQJNL&pf_rd_p=e31d89dd-322d-4646-8962-327b42fe94b1&pf_rd_r=0E90E63ZSE044HFQM0G4&pf_rd_s=center-1&pf_rd_t=15506&pf_rd_i=top&ref_=chttp_tt_41,1981,8.5," Harrison Ford, Karen Allen",Steven Spielberg 
41,Terminator 2: Judgment Day,http://www.imdb.com/title/tt0103064/?pf_rd_m=A2FGELUUNOQJNL&pf_rd_p=e31d89dd-322d-4646-8962-327b42fe94b1&pf_rd_r=0E90E63ZSE044HFQM0G4&pf_rd_s=center-1&pf_rd_t=15506&pf_rd_i=top&ref_=chttp_tt_42,1991,8.5," Arnold Schwarzenegger, Linda Hamilton",James Cameron 
42,Rear Window,http://www.imdb.com/title/tt0047396/?pf_rd_m=A2FGELUUNOQJNL&pf_rd_p=e31d89dd-322d-4646-8962-327b42fe94b1&pf_rd_r=0E90E63ZSE044HFQM0G4&pf_rd_s=center-1&pf_rd_t=15506&pf_rd_i=top&ref_=chttp_tt_43,1954,8.5," James Stewart, Grace Kelly",Alfred Hitchcock 
43,Back to the Future,http://www.imdb.com/title/tt0088763/?pf_rd_m=A2FGELUUNOQJNL&pf_rd_p=e31d89dd-322d-4646-8962-327b42fe94b1&pf_rd_r=0E90E63ZSE044HFQM0G4&pf_rd_s=center-1&pf_rd_t=15506&pf_rd_i=top&ref_=chttp_tt_44,1985,8.5," Michael J. Fox, Christopher Lloyd",Robert Zemeckis 
44,Whiplash,http://www.imdb.com/title/tt2582802/?pf_rd_m=A2FGELUUNOQJNL&pf_rd_p=e31d89dd-322d-4646-8962-327b42fe94b1&pf_rd_r=0E90E63ZSE044HFQM0G4&pf_rd_s=center-1&pf_rd_t=15506&pf_rd_i=top&ref_=chttp_tt_45,2014,8.5," Miles Teller, J.K. Simmons",Damien Chazelle 
45,Gladiator,http://www.imdb.com/title/tt0172495/?pf_rd_m=A2FGELUUNOQJNL&pf_rd_p=e31d89dd-322d-4646-8962-327b42fe94b1&pf_rd_r=0E90E63ZSE044HFQM0G4&pf_rd_s=center-1&pf_rd_t=15506&pf_rd_i=top&ref_=chttp_tt_46,2000,8.5," Russell Crowe, Joaquin Phoenix",Ridley Scott 
46,The Lion King,http://www.imdb.com/title/tt0110357/?pf_rd_m=A2FGELUUNOQJNL&pf_rd_p=e31d89dd-322d-4646-8962-327b42fe94b1&pf_rd_r=0E90E63ZSE044HFQM0G4&pf_rd_s=center-1&pf_rd_t=15506&pf_rd_i=top&ref_=chttp_tt_47,1994,8.5," Matthew Broderick, Jeremy Irons",Roger Allers 
47,The Prestige,http://www.imdb.com/title/tt0482571/?pf_rd_m=A2FGELUUNOQJNL&pf_rd_p=e31d89dd-322d-4646-8962-327b42fe94b1&pf_rd_r=0E90E63ZSE044HFQM0G4&pf_rd_s=center-1&pf_rd_t=15506&pf_rd_i=top&ref_=chttp_tt_48,2006,8.5," Christian Bale, Hugh Jackman",Christopher Nolan 
48,Memento,http://www.imdb.com/title/tt0209144/?pf_rd_m=A2FGELUUNOQJNL&pf_rd_p=e31d89dd-322d-4646-8962-327b42fe94b1&pf_rd_r=0E90E63ZSE044HFQM0G4&pf_rd_s=center-1&pf_rd_t=15506&pf_rd_i=top&ref_=chttp_tt_49,2000,8.5," Guy Pearce, Carrie-Anne Moss",Christopher Nolan 
49,Apocalypse Now,http://www.imdb.com/title/tt0078788/?pf_rd_m=A2FGELUUNOQJNL&pf_rd_p=e31d89dd-322d-4646-8962-327b42fe94b1&pf_rd_r=0E90E63ZSE044HFQM0G4&pf_rd_s=center-1&pf_rd_t=15506&pf_rd_i=top&ref_=chttp_tt_50,1979,8.4," Martin Sheen, Marlon Brando",Francis Ford Coppola 
50,Alien,http://www.imdb.com/title/tt0078748/?pf_rd_m=A2FGELUUNOQJNL&pf_rd_p=e31d89dd-322d-4646-8962-327b42fe94b1&pf_rd_r=0E90E63ZSE044HFQM0G4&pf_rd_s=center-1&pf_rd_t=15506&pf_rd_i=top&ref_=chttp_tt_51,1979,8.4," Sigourney Weaver, Tom Skerritt",Ridley Scott 
51,The Great Dictator,http://www.imdb.com/title/tt0032553/?pf_rd_m=A2FGELUUNOQJNL&pf_rd_p=e31d89dd-322d-4646-8962-327b42fe94b1&pf_rd_r=0E90E63ZSE044HFQM0G4&pf_rd_s=center-1&pf_rd_t=15506&pf_rd_i=top&ref_=chttp_tt_52,1940,8.4," Charles Chaplin, Paulette Goddard",Charles Chaplin 
52,Coco,http://www.imdb.com/title/tt2380307/?pf_rd_m=A2FGELUUNOQJNL&pf_rd_p=e31d89dd-322d-4646-8962-327b42fe94b1&pf_rd_r=0E90E63ZSE044HFQM0G4&pf_rd_s=center-1&pf_rd_t=15506&pf_rd_i=top&ref_=chttp_tt_53,2017,8.4," Anthony Gonzalez, Gael García Bernal",Lee Unkrich 
53,Nuovo Cinema Paradiso,http://www.imdb.com/title/tt0095765/?pf_rd_m=A2FGELUUNOQJNL&pf_rd_p=e31d89dd-322d-4646-8962-327b42fe94b1&pf_rd_r=0E90E63ZSE044HFQM0G4&pf_rd_s=center-1&pf_rd_t=15506&pf_rd_i=top&ref_=chttp_tt_54,1988,8.4," Philippe Noiret, Enzo Cannavale",Giuseppe Tornatore 
54,Sunset Blvd.,http://www.imdb.com/title/tt0043014/?pf_rd_m=A2FGELUUNOQJNL&pf_rd_p=e31d89dd-322d-4646-8962-327b42fe94b1&pf_rd_r=0E90E63ZSE044HFQM0G4&pf_rd_s=center-1&pf_rd_t=15506&pf_rd_i=top&ref_=chttp_tt_55,1950,8.4," William Holden, Gloria Swanson",Billy Wilder 
55,Dr. Strangelove or: How I Learned to Stop Worrying and Love the Bomb,http://www.imdb.com/title/tt0057012/?pf_rd_m=A2FGELUUNOQJNL&pf_rd_p=e31d89dd-322d-4646-8962-327b42fe94b1&pf_rd_r=0E90E63ZSE044HFQM0G4&pf_rd_s=center-1&pf_rd_t=15506&pf_rd_i=top&ref_=chttp_tt_56,1964,8.4," Peter Sellers, George C. Scott",Stanley Kubrick 
56,Hotaru no haka,http://www.imdb.com/title/tt0095327/?pf_rd_m=A2FGELUUNOQJNL&pf_rd_p=e31d89dd-322d-4646-8962-327b42fe94b1&pf_rd_r=0E90E63ZSE044HFQM0G4&pf_rd_s=center-1&pf_rd_t=15506&pf_rd_i=top&ref_=chttp_tt_57,1988,8.4," Tsutomu Tatsumi, Ayano Shiraishi",Isao Takahata 
57,The Lives of Others,http://www.imdb.com/title/tt0405094/?pf_rd_m=A2FGELUUNOQJNL&pf_rd_p=e31d89dd-322d-4646-8962-327b42fe94b1&pf_rd_r=0E90E63ZSE044HFQM0G4&pf_rd_s=center-1&pf_rd_t=15506&pf_rd_i=top&ref_=chttp_tt_58,2006,8.4," Ulrich Mühe, Martina Gedeck",Florian Henckel von Donnersmarck 
58,Paths of Glory,http://www.imdb.com/title/tt0050825/?pf_rd_m=A2FGELUUNOQJNL&pf_rd_p=e31d89dd-322d-4646-8962-327b42fe94b1&pf_rd_r=0E90E63ZSE044HFQM0G4&pf_rd_s=center-1&pf_rd_t=15506&pf_rd_i=top&ref_=chttp_tt_59,1957,8.4," Kirk Douglas, Ralph Meeker",Stanley Kubrick 
59,Django Unchained,http://www.imdb.com/title/tt1853728/?pf_rd_m=A2FGELUUNOQJNL&pf_rd_p=e31d89dd-322d-4646-8962-327b42fe94b1&pf_rd_r=0E90E63ZSE044HFQM0G4&pf_rd_s=center-1&pf_rd_t=15506&pf_rd_i=top&ref_=chttp_tt_60,2012,8.4," Jamie Foxx, Christoph Waltz",Quentin Tarantino 
60,The Shining,http://www.imdb.com/title/tt0081505/?pf_rd_m=A2FGELUUNOQJNL&pf_rd_p=e31d89dd-322d-4646-8962-327b42fe94b1&pf_rd_r=0E90E63ZSE044HFQM0G4&pf_rd_s=center-1&pf_rd_t=15506&pf_rd_i=top&ref_=chttp_tt_61,1980,8.4," Jack Nicholson, Shelley Duvall",Stanley Kubrick 
61,WALL·E,http://www.imdb.com/title/tt0910970/?pf_rd_m=A2FGELUUNOQJNL&pf_rd_p=e31d89dd-322d-4646-8962-327b42fe94b1&pf_rd_r=0E90E63ZSE044HFQM0G4&pf_rd_s=center-1&pf_rd_t=15506&pf_rd_i=top&ref_=chttp_tt_62,2008,8.4," Ben Burtt, Elissa Knight",Andrew Stanton 
62,Mononoke-hime,http://www.imdb.com/title/tt0119698/?pf_rd_m=A2FGELUUNOQJNL&pf_rd_p=e31d89dd-322d-4646-8962-327b42fe94b1&pf_rd_r=0E90E63ZSE044HFQM0G4&pf_rd_s=center-1&pf_rd_t=15506&pf_rd_i=top&ref_=chttp_tt_63,1997,8.4," Yôji Matsuda, Yuriko Ishida",Hayao Miyazaki 
63,American Beauty,http://www.imdb.com/title/tt0169547/?pf_rd_m=A2FGELUUNOQJNL&pf_rd_p=e31d89dd-322d-4646-8962-327b42fe94b1&pf_rd_r=0E90E63ZSE044HFQM0G4&pf_rd_s=center-1&pf_rd_t=15506&pf_rd_i=top&ref_=chttp_tt_64,1999,8.4," Kevin Spacey, Annette Bening",Sam Mendes 
64,The Dark Knight Rises,http://www.imdb.com/title/tt1345836/?pf_rd_m=A2FGELUUNOQJNL&pf_rd_p=e31d89dd-322d-4646-8962-327b42fe94b1&pf_rd_r=0E90E63ZSE044HFQM0G4&pf_rd_s=center-1&pf_rd_t=15506&pf_rd_i=top&ref_=chttp_tt_65,2012,8.4," Christian Bale, Tom Hardy",Christopher Nolan 
65,Witness for the Prosecution,http://www.imdb.com/title/tt0051201/?pf_rd_m=A2FGELUUNOQJNL&pf_rd_p=e31d89dd-322d-4646-8962-327b42fe94b1&pf_rd_r=0E90E63ZSE044HFQM0G4&pf_rd_s=center-1&pf_rd_t=15506&pf_rd_i=top&ref_=chttp_tt_66,1957,8.4," Tyrone Power, Marlene Dietrich",Billy Wilder 
66,Oldeuboi,http://www.imdb.com/title/tt0364569/?pf_rd_m=A2FGELUUNOQJNL&pf_rd_p=e31d89dd-322d-4646-8962-327b42fe94b1&pf_rd_r=0E90E63ZSE044HFQM0G4&pf_rd_s=center-1&pf_rd_t=15506&pf_rd_i=top&ref_=chttp_tt_67,2003,8.4," Min-sik Choi, Ji-tae Yu",Chan-wook Park 
67,Aliens,http://www.imdb.com/title/tt0090605/?pf_rd_m=A2FGELUUNOQJNL&pf_rd_p=e31d89dd-322d-4646-8962-327b42fe94b1&pf_rd_r=0E90E63ZSE044HFQM0G4&pf_rd_s=center-1&pf_rd_t=15506&pf_rd_i=top&ref_=chttp_tt_68,1986,8.4," Sigourney Weaver, Michael Biehn",James Cameron 
68,Once Upon a Time in America,http://www.imdb.com/title/tt0087843/?pf_rd_m=A2FGELUUNOQJNL&pf_rd_p=e31d89dd-322d-4646-8962-327b42fe94b1&pf_rd_r=0E90E63ZSE044HFQM0G4&pf_rd_s=center-1&pf_rd_t=15506&pf_rd_i=top&ref_=chttp_tt_69,1984,8.4," Robert De Niro, James Woods",Sergio Leone 
69,Das Boot,http://www.imdb.com/title/tt0082096/?pf_rd_m=A2FGELUUNOQJNL&pf_rd_p=e31d89dd-322d-4646-8962-327b42fe94b1&pf_rd_r=0E90E63ZSE044HFQM0G4&pf_rd_s=center-1&pf_rd_t=15506&pf_rd_i=top&ref_=chttp_tt_70,1981,8.3," Jürgen Prochnow, Herbert Grönemeyer",Wolfgang Petersen 
70,Citizen Kane,http://www.imdb.com/title/tt0033467/?pf_rd_m=A2FGELUUNOQJNL&pf_rd_p=e31d89dd-322d-4646-8962-327b42fe94b1&pf_rd_r=0E90E63ZSE044HFQM0G4&pf_rd_s=center-1&pf_rd_t=15506&pf_rd_i=top&ref_=chttp_tt_71,1941,8.3," Orson Welles, Joseph Cotten",Orson Welles 
71,North by Northwest,http://www.imdb.com/title/tt0053125/?pf_rd_m=A2FGELUUNOQJNL&pf_rd_p=e31d89dd-322d-4646-8962-327b42fe94b1&pf_rd_r=0E90E63ZSE044HFQM0G4&pf_rd_s=center-1&pf_rd_t=15506&pf_rd_i=top&ref_=chttp_tt_72,1959,8.3," Cary Grant, Eva Marie Saint",Alfred Hitchcock 
72,Vertigo,http://www.imdb.com/title/tt0052357/?pf_rd_m=A2FGELUUNOQJNL&pf_rd_p=e31d89dd-322d-4646-8962-327b42fe94b1&pf_rd_r=0E90E63ZSE044HFQM0G4&pf_rd_s=center-1&pf_rd_t=15506&pf_rd_i=top&ref_=chttp_tt_73,1958,8.3," James Stewart, Kim Novak",Alfred Hitchcock 
73,Braveheart,http://www.imdb.com/title/tt0112573/?pf_rd_m=A2FGELUUNOQJNL&pf_rd_p=e31d89dd-322d-4646-8962-327b42fe94b1&pf_rd_r=0E90E63ZSE044HFQM0G4&pf_rd_s=center-1&pf_rd_t=15506&pf_rd_i=top&ref_=chttp_tt_74,1995,8.3," Mel Gibson, Sophie Marceau",Mel Gibson 
74,Star Wars: Episode VI - Return of the Jedi,http://www.imdb.com/title/tt0086190/?pf_rd_m=A2FGELUUNOQJNL&pf_rd_p=e31d89dd-322d-4646-8962-327b42fe94b1&pf_rd_r=0E90E63ZSE044HFQM0G4&pf_rd_s=center-1&pf_rd_t=15506&pf_rd_i=top&ref_=chttp_tt_75,1983,8.3," Mark Hamill, Harrison Ford",Richard Marquand 
75,Dangal,http://www.imdb.com/title/tt5074352/?pf_rd_m=A2FGELUUNOQJNL&pf_rd_p=e31d89dd-322d-4646-8962-327b42fe94b1&pf_rd_r=0E90E63ZSE044HFQM0G4&pf_rd_s=center-1&pf_rd_t=15506&pf_rd_i=top&ref_=chttp_tt_76,2016,8.3," Aamir Khan, Sakshi Tanwar",Nitesh Tiwari 
76,Reservoir Dogs,http://www.imdb.com/title/tt0105236/?pf_rd_m=A2FGELUUNOQJNL&pf_rd_p=e31d89dd-322d-4646-8962-327b42fe94b1&pf_rd_r=0E90E63ZSE044HFQM0G4&pf_rd_s=center-1&pf_rd_t=15506&pf_rd_i=top&ref_=chttp_tt_77,1992,8.3," Harvey Keitel, Tim Roth",Quentin Tarantino 
77,M,http://www.imdb.com/title/tt0022100/?pf_rd_m=A2FGELUUNOQJNL&pf_rd_p=e31d89dd-322d-4646-8962-327b42fe94b1&pf_rd_r=0E90E63ZSE044HFQM0G4&pf_rd_s=center-1&pf_rd_t=15506&pf_rd_i=top&ref_=chttp_tt_78,1931,8.3," Peter Lorre, Ellen Widmann",Fritz Lang 
78,Kimi no na wa.,http://www.imdb.com/title/tt5311514/?pf_rd_m=A2FGELUUNOQJNL&pf_rd_p=e31d89dd-322d-4646-8962-327b42fe94b1&pf_rd_r=0E90E63ZSE044HFQM0G4&pf_rd_s=center-1&pf_rd_t=15506&pf_rd_i=top&ref_=chttp_tt_79,2016,8.3," Ryûnosuke Kamiki, Mone Kamishiraishi",Makoto Shinkai 
79,Requiem for a Dream,http://www.imdb.com/title/tt0180093/?pf_rd_m=A2FGELUUNOQJNL&pf_rd_p=e31d89dd-322d-4646-8962-327b42fe94b1&pf_rd_r=0E90E63ZSE044HFQM0G4&pf_rd_s=center-1&pf_rd_t=15506&pf_rd_i=top&ref_=chttp_tt_80,2000,8.3," Ellen Burstyn, Jared Leto",Darren Aronofsky 
80,Taare Zameen Par,http://www.imdb.com/title/tt0986264/?pf_rd_m=A2FGELUUNOQJNL&pf_rd_p=e31d89dd-322d-4646-8962-327b42fe94b1&pf_rd_r=0E90E63ZSE044HFQM0G4&pf_rd_s=center-1&pf_rd_t=15506&pf_rd_i=top&ref_=chttp_tt_81,2007,8.3," Darsheel Safary, Aamir Khan",Aamir Khan 
81,Amélie,http://www.imdb.com/title/tt0211915/?pf_rd_m=A2FGELUUNOQJNL&pf_rd_p=e31d89dd-322d-4646-8962-327b42fe94b1&pf_rd_r=0E90E63ZSE044HFQM0G4&pf_rd_s=center-1&pf_rd_t=15506&pf_rd_i=top&ref_=chttp_tt_82,2001,8.3," Audrey Tautou, Mathieu Kassovitz",Jean-Pierre Jeunet 
82,Amadeus,http://www.imdb.com/title/tt0086879/?pf_rd_m=A2FGELUUNOQJNL&pf_rd_p=e31d89dd-322d-4646-8962-327b42fe94b1&pf_rd_r=0E90E63ZSE044HFQM0G4&pf_rd_s=center-1&pf_rd_t=15506&pf_rd_i=top&ref_=chttp_tt_83,1984,8.3," F. Murray Abraham, Tom Hulce",Milos Forman 
83,A Clockwork Orange,http://www.imdb.com/title/tt0066921/?pf_rd_m=A2FGELUUNOQJNL&pf_rd_p=e31d89dd-322d-4646-8962-327b42fe94b1&pf_rd_r=0E90E63ZSE044HFQM0G4&pf_rd_s=center-1&pf_rd_t=15506&pf_rd_i=top&ref_=chttp_tt_84,1971,8.3," Malcolm McDowell, Patrick Magee",Stanley Kubrick 
84,Lawrence of Arabia,http://www.imdb.com/title/tt0056172/?pf_rd_m=A2FGELUUNOQJNL&pf_rd_p=e31d89dd-322d-4646-8962-327b42fe94b1&pf_rd_r=0E90E63ZSE044HFQM0G4&pf_rd_s=center-1&pf_rd_t=15506&pf_rd_i=top&ref_=chttp_tt_85,1962,8.3," Peter O'Toole, Alec Guinness",David Lean 
85,Double Indemnity,http://www.imdb.com/title/tt0036775/?pf_rd_m=A2FGELUUNOQJNL&pf_rd_p=e31d89dd-322d-4646-8962-327b42fe94b1&pf_rd_r=0E90E63ZSE044HFQM0G4&pf_rd_s=center-1&pf_rd_t=15506&pf_rd_i=top&ref_=chttp_tt_86,1944,8.3," Fred MacMurray, Barbara Stanwyck",Billy Wilder 
86,Eternal Sunshine of the Spotless Mind,http://www.imdb.com/title/tt0338013/?pf_rd_m=A2FGELUUNOQJNL&pf_rd_p=e31d89dd-322d-4646-8962-327b42fe94b1&pf_rd_r=0E90E63ZSE044HFQM0G4&pf_rd_s=center-1&pf_rd_t=15506&pf_rd_i=top&ref_=chttp_tt_87,2004,8.3," Jim Carrey, Kate Winslet",Michel Gondry 
87,Taxi Driver,http://www.imdb.com/title/tt0075314/?pf_rd_m=A2FGELUUNOQJNL&pf_rd_p=e31d89dd-322d-4646-8962-327b42fe94b1&pf_rd_r=0E90E63ZSE044HFQM0G4&pf_rd_s=center-1&pf_rd_t=15506&pf_rd_i=top&ref_=chttp_tt_88,1976,8.3," Robert De Niro, Jodie Foster",Martin Scorsese 
88,To Kill a Mockingbird,http://www.imdb.com/title/tt0056592/?pf_rd_m=A2FGELUUNOQJNL&pf_rd_p=e31d89dd-322d-4646-8962-327b42fe94b1&pf_rd_r=0E90E63ZSE044HFQM0G4&pf_rd_s=center-1&pf_rd_t=15506&pf_rd_i=top&ref_=chttp_tt_89,1962,8.3," Gregory Peck, John Megna",Robert Mulligan 
89,Singin' in the Rain,http://www.imdb.com/title/tt0045152/?pf_rd_m=A2FGELUUNOQJNL&pf_rd_p=e31d89dd-322d-4646-8962-327b42fe94b1&pf_rd_r=0E90E63ZSE044HFQM0G4&pf_rd_s=center-1&pf_rd_t=15506&pf_rd_i=top&ref_=chttp_tt_90,1952,8.3," Gene Kelly, Donald O'Connor",Stanley Donen 
90,2001: A Space Odyssey,http://www.imdb.com/title/tt0062622/?pf_rd_m=A2FGELUUNOQJNL&pf_rd_p=e31d89dd-322d-4646-8962-327b42fe94b1&pf_rd_r=0E90E63ZSE044HFQM0G4&pf_rd_s=center-1&pf_rd_t=15506&pf_rd_i=top&ref_=chttp_tt_91,1968,8.3," Keir Dullea, Gary Lockwood",Stanley Kubrick 
91,3 Idiots,http://www.imdb.com/title/tt1187043/?pf_rd_m=A2FGELUUNOQJNL&pf_rd_p=e31d89dd-322d-4646-8962-327b42fe94b1&pf_rd_r=0E90E63ZSE044HFQM0G4&pf_rd_s=center-1&pf_rd_t=15506&pf_rd_i=top&ref_=chttp_tt_92,2009,8.3," Aamir Khan, Madhavan",Rajkumar Hirani 
92,Full Metal Jacket,http://www.imdb.com/title/tt0093058/?pf_rd_m=A2FGELUUNOQJNL&pf_rd_p=e31d89dd-322d-4646-8962-327b42fe94b1&pf_rd_r=0E90E63ZSE044HFQM0G4&pf_rd_s=center-1&pf_rd_t=15506&pf_rd_i=top&ref_=chttp_tt_93,1987,8.3," Matthew Modine, R. Lee Ermey",Stanley Kubrick 
93,Toy Story,http://www.imdb.com/title/tt0114709/?pf_rd_m=A2FGELUUNOQJNL&pf_rd_p=e31d89dd-322d-4646-8962-327b42fe94b1&pf_rd_r=0E90E63ZSE044HFQM0G4&pf_rd_s=center-1&pf_rd_t=15506&pf_rd_i=top&ref_=chttp_tt_94,1995,8.3," Tom Hanks, Tim Allen",John Lasseter 
94,The Sting,http://www.imdb.com/title/tt0070735/?pf_rd_m=A2FGELUUNOQJNL&pf_rd_p=e31d89dd-322d-4646-8962-327b42fe94b1&pf_rd_r=0E90E63ZSE044HFQM0G4&pf_rd_s=center-1&pf_rd_t=15506&pf_rd_i=top&ref_=chttp_tt_95,1973,8.3," Paul Newman, Robert Redford",George Roy Hill 
95,Inglourious Basterds,http://www.imdb.com/title/tt0361748/?pf_rd_m=A2FGELUUNOQJNL&pf_rd_p=e31d89dd-322d-4646-8962-327b42fe94b1&pf_rd_r=0E90E63ZSE044HFQM0G4&pf_rd_s=center-1&pf_rd_t=15506&pf_rd_i=top&ref_=chttp_tt_96,2009,8.3," Brad Pitt, Diane Kruger",Quentin Tarantino 
96,Ladri di biciclette,http://www.imdb.com/title/tt0040522/?pf_rd_m=A2FGELUUNOQJNL&pf_rd_p=e31d89dd-322d-4646-8962-327b42fe94b1&pf_rd_r=0E90E63ZSE044HFQM0G4&pf_rd_s=center-1&pf_rd_t=15506&pf_rd_i=top&ref_=chttp_tt_97,1948,8.3," Lamberto Maggiorani, Enzo Staiola",Vittorio De Sica 
97,The Kid,http://www.imdb.com/title/tt0012349/?pf_rd_m=A2FGELUUNOQJNL&pf_rd_p=e31d89dd-322d-4646-8962-327b42fe94b1&pf_rd_r=0E90E63ZSE044HFQM0G4&pf_rd_s=center-1&pf_rd_t=15506&pf_rd_i=top&ref_=chttp_tt_98,1921,8.3," Charles Chaplin, Edna Purviance",Charles Chaplin 
98,Toy Story 3,http://www.imdb.com/title/tt0435761/?pf_rd_m=A2FGELUUNOQJNL&pf_rd_p=e31d89dd-322d-4646-8962-327b42fe94b1&pf_rd_r=0E90E63ZSE044HFQM0G4&pf_rd_s=center-1&pf_rd_t=15506&pf_rd_i=top&ref_=chttp_tt_99,2010,8.3," Tom Hanks, Tim Allen",Lee Unkrich 
99,Snatch,http://www.imdb.com/title/tt0208092/?pf_rd_m=A2FGELUUNOQJNL&pf_rd_p=e31d89dd-322d-4646-8962-327b42fe94b1&pf_rd_r=0E90E63ZSE044HFQM0G4&pf_rd_s=center-1&pf_rd_t=15506&pf_rd_i=top&ref_=chttp_tt_100,2000,8.3," Jason Statham, Brad Pitt",Guy Ritchie 
100,Good Will Hunting,http://www.imdb.com/title/tt0119217/?pf_rd_m=A2FGELUUNOQJNL&pf_rd_p=e31d89dd-322d-4646-8962-327b42fe94b1&pf_rd_r=0E90E63ZSE044HFQM0G4&pf_rd_s=center-1&pf_rd_t=15506&pf_rd_i=top&ref_=chttp_tt_101,1997,8.3," Robin Williams, Matt Damon",Gus Van Sant 
101,Jagten,http://www.imdb.com/title/tt2106476/?pf_rd_m=A2FGELUUNOQJNL&pf_rd_p=e31d89dd-322d-4646-8962-327b42fe94b1&pf_rd_r=0E90E63ZSE044HFQM0G4&pf_rd_s=center-1&pf_rd_t=15506&pf_rd_i=top&ref_=chttp_tt_102,2012,8.3," Mads Mikkelsen, Thomas Bo Larsen",Thomas Vinterberg 
102,Monty Python and the Holy Grail,http://www.imdb.com/title/tt0071853/?pf_rd_m=A2FGELUUNOQJNL&pf_rd_p=e31d89dd-322d-4646-8962-327b42fe94b1&pf_rd_r=0E90E63ZSE044HFQM0G4&pf_rd_s=center-1&pf_rd_t=15506&pf_rd_i=top&ref_=chttp_tt_103,1975,8.3," Graham Chapman, John Cleese",Terry Gilliam 
103,Per qualche dollaro in più,http://www.imdb.com/title/tt0059578/?pf_rd_m=A2FGELUUNOQJNL&pf_rd_p=e31d89dd-322d-4646-8962-327b42fe94b1&pf_rd_r=0E90E63ZSE044HFQM0G4&pf_rd_s=center-1&pf_rd_t=15506&pf_rd_i=top&ref_=chttp_tt_104,1965,8.3," Clint Eastwood, Lee Van Cleef",Sergio Leone 
104,Scarface,http://www.imdb.com/title/tt0086250/?pf_rd_m=A2FGELUUNOQJNL&pf_rd_p=e31d89dd-322d-4646-8962-327b42fe94b1&pf_rd_r=0E90E63ZSE044HFQM0G4&pf_rd_s=center-1&pf_rd_t=15506&pf_rd_i=top&ref_=chttp_tt_105,1983,8.3," Al Pacino, Michelle Pfeiffer",Brian De Palma 
105,L.A. Confidential,http://www.imdb.com/title/tt0119488/?pf_rd_m=A2FGELUUNOQJNL&pf_rd_p=e31d89dd-322d-4646-8962-327b42fe94b1&pf_rd_r=0E90E63ZSE044HFQM0G4&pf_rd_s=center-1&pf_rd_t=15506&pf_rd_i=top&ref_=chttp_tt_106,1997,8.2," Kevin Spacey, Russell Crowe",Curtis Hanson 
106,The Apartment,http://www.imdb.com/title/tt0053604/?pf_rd_m=A2FGELUUNOQJNL&pf_rd_p=e31d89dd-322d-4646-8962-327b42fe94b1&pf_rd_r=0E90E63ZSE044HFQM0G4&pf_rd_s=center-1&pf_rd_t=15506&pf_rd_i=top&ref_=chttp_tt_107,1960,8.2," Jack Lemmon, Shirley MacLaine",Billy Wilder 
107,Metropolis,http://www.imdb.com/title/tt0017136/?pf_rd_m=A2FGELUUNOQJNL&pf_rd_p=e31d89dd-322d-4646-8962-327b42fe94b1&pf_rd_r=0E90E63ZSE044HFQM0G4&pf_rd_s=center-1&pf_rd_t=15506&pf_rd_i=top&ref_=chttp_tt_108,1927,8.2," Brigitte Helm, Alfred Abel",Fritz Lang 
108,Jodaeiye Nader az Simin,http://www.imdb.com/title/tt1832382/?pf_rd_m=A2FGELUUNOQJNL&pf_rd_p=e31d89dd-322d-4646-8962-327b42fe94b1&pf_rd_r=0E90E63ZSE044HFQM0G4&pf_rd_s=center-1&pf_rd_t=15506&pf_rd_i=top&ref_=chttp_tt_109,2011,8.2," Payman Maadi, Leila Hatami",Asghar Farhadi 
109,Rashômon,http://www.imdb.com/title/tt0042876/?pf_rd_m=A2FGELUUNOQJNL&pf_rd_p=e31d89dd-322d-4646-8962-327b42fe94b1&pf_rd_r=0E90E63ZSE044HFQM0G4&pf_rd_s=center-1&pf_rd_t=15506&pf_rd_i=top&ref_=chttp_tt_110,1950,8.2," Toshirô Mifune, Machiko Kyô",Akira Kurosawa 
110,Indiana Jones and the Last Crusade,http://www.imdb.com/title/tt0097576/?pf_rd_m=A2FGELUUNOQJNL&pf_rd_p=e31d89dd-322d-4646-8962-327b42fe94b1&pf_rd_r=0E90E63ZSE044HFQM0G4&pf_rd_s=center-1&pf_rd_t=15506&pf_rd_i=top&ref_=chttp_tt_111,1989,8.2," Harrison Ford, Sean Connery",Steven Spielberg 
111,Yôjinbô,http://www.imdb.com/title/tt0055630/?pf_rd_m=A2FGELUUNOQJNL&pf_rd_p=e31d89dd-322d-4646-8962-327b42fe94b1&pf_rd_r=0E90E63ZSE044HFQM0G4&pf_rd_s=center-1&pf_rd_t=15506&pf_rd_i=top&ref_=chttp_tt_112,1961,8.2," Toshirô Mifune, Eijirô Tôno",Akira Kurosawa 
112,Up,http://www.imdb.com/title/tt1049413/?pf_rd_m=A2FGELUUNOQJNL&pf_rd_p=e31d89dd-322d-4646-8962-327b42fe94b1&pf_rd_r=0E90E63ZSE044HFQM0G4&pf_rd_s=center-1&pf_rd_t=15506&pf_rd_i=top&ref_=chttp_tt_113,2009,8.2," Edward Asner, Jordan Nagai",Pete Docter 
113,All About Eve,http://www.imdb.com/title/tt0042192/?pf_rd_m=A2FGELUUNOQJNL&pf_rd_p=e31d89dd-322d-4646-8962-327b42fe94b1&pf_rd_r=0E90E63ZSE044HFQM0G4&pf_rd_s=center-1&pf_rd_t=15506&pf_rd_i=top&ref_=chttp_tt_114,1950,8.2," Bette Davis, Anne Baxter",Joseph L. Mankiewicz 
114,Batman Begins,http://www.imdb.com/title/tt0372784/?pf_rd_m=A2FGELUUNOQJNL&pf_rd_p=e31d89dd-322d-4646-8962-327b42fe94b1&pf_rd_r=0E90E63ZSE044HFQM0G4&pf_rd_s=center-1&pf_rd_t=15506&pf_rd_i=top&ref_=chttp_tt_115,2005,8.2," Christian Bale, Michael Caine",Christopher Nolan 
115,Some Like It Hot,http://www.imdb.com/title/tt0053291/?pf_rd_m=A2FGELUUNOQJNL&pf_rd_p=e31d89dd-322d-4646-8962-327b42fe94b1&pf_rd_r=0E90E63ZSE044HFQM0G4&pf_rd_s=center-1&pf_rd_t=15506&pf_rd_i=top&ref_=chttp_tt_116,1959,8.2," Marilyn Monroe, Tony Curtis",Billy Wilder 
116,"Three Billboards Outside Ebbing, Missouri",http://www.imdb.com/title/tt5027774/?pf_rd_m=A2FGELUUNOQJNL&pf_rd_p=e31d89dd-322d-4646-8962-327b42fe94b1&pf_rd_r=0E90E63ZSE044HFQM0G4&pf_rd_s=center-1&pf_rd_t=15506&pf_rd_i=top&ref_=chttp_tt_117,2017,8.2," Frances McDormand, Woody Harrelson",Martin McDonagh 
117,Babam ve Oglum,http://www.imdb.com/title/tt0476735/?pf_rd_m=A2FGELUUNOQJNL&pf_rd_p=e31d89dd-322d-4646-8962-327b42fe94b1&pf_rd_r=0E90E63ZSE044HFQM0G4&pf_rd_s=center-1&pf_rd_t=15506&pf_rd_i=top&ref_=chttp_tt_118,2005,8.2," Resit Kurt, Fikret Kuskan",Çagan Irmak 
118,The Treasure of the Sierra Madre,http://www.imdb.com/title/tt0040897/?pf_rd_m=A2FGELUUNOQJNL&pf_rd_p=e31d89dd-322d-4646-8962-327b42fe94b1&pf_rd_r=0E90E63ZSE044HFQM0G4&pf_rd_s=center-1&pf_rd_t=15506&pf_rd_i=top&ref_=chttp_tt_119,1948,8.2," Humphrey Bogart, Walter Huston",John Huston 
119,Unforgiven,http://www.imdb.com/title/tt0105695/?pf_rd_m=A2FGELUUNOQJNL&pf_rd_p=e31d89dd-322d-4646-8962-327b42fe94b1&pf_rd_r=0E90E63ZSE044HFQM0G4&pf_rd_s=center-1&pf_rd_t=15506&pf_rd_i=top&ref_=chttp_tt_120,1992,8.2," Clint Eastwood, Gene Hackman",Clint Eastwood 
120,Der Untergang,http://www.imdb.com/title/tt0363163/?pf_rd_m=A2FGELUUNOQJNL&pf_rd_p=e31d89dd-322d-4646-8962-327b42fe94b1&pf_rd_r=0E90E63ZSE044HFQM0G4&pf_rd_s=center-1&pf_rd_t=15506&pf_rd_i=top&ref_=chttp_tt_121,2004,8.2," Bruno Ganz, Alexandra Maria Lara",Oliver Hirschbiegel 
121,Die Hard,http://www.imdb.com/title/tt0095016/?pf_rd_m=A2FGELUUNOQJNL&pf_rd_p=e31d89dd-322d-4646-8962-327b42fe94b1&pf_rd_r=0E90E63ZSE044HFQM0G4&pf_rd_s=center-1&pf_rd_t=15506&pf_rd_i=top&ref_=chttp_tt_122,1988,8.2," Bruce Willis, Alan Rickman",John McTiernan 
122,Heat,http://www.imdb.com/title/tt0113277/?pf_rd_m=A2FGELUUNOQJNL&pf_rd_p=e31d89dd-322d-4646-8962-327b42fe94b1&pf_rd_r=0E90E63ZSE044HFQM0G4&pf_rd_s=center-1&pf_rd_t=15506&pf_rd_i=top&ref_=chttp_tt_123,1995,8.2," Al Pacino, Robert De Niro",Michael Mann 
123,Raging Bull,http://www.imdb.com/title/tt0081398/?pf_rd_m=A2FGELUUNOQJNL&pf_rd_p=e31d89dd-322d-4646-8962-327b42fe94b1&pf_rd_r=0E90E63ZSE044HFQM0G4&pf_rd_s=center-1&pf_rd_t=15506&pf_rd_i=top&ref_=chttp_tt_124,1980,8.2," Robert De Niro, Cathy Moriarty",Martin Scorsese 
124,Ikiru,http://www.imdb.com/title/tt0044741/?pf_rd_m=A2FGELUUNOQJNL&pf_rd_p=e31d89dd-322d-4646-8962-327b42fe94b1&pf_rd_r=0E90E63ZSE044HFQM0G4&pf_rd_s=center-1&pf_rd_t=15506&pf_rd_i=top&ref_=chttp_tt_125,1952,8.2," Takashi Shimura, Nobuo Kaneko",Akira Kurosawa 
125,The Great Escape,http://www.imdb.com/title/tt0057115/?pf_rd_m=A2FGELUUNOQJNL&pf_rd_p=e31d89dd-322d-4646-8962-327b42fe94b1&pf_rd_r=0E90E63ZSE044HFQM0G4&pf_rd_s=center-1&pf_rd_t=15506&pf_rd_i=top&ref_=chttp_tt_126,1963,8.2," Steve McQueen, James Garner",John Sturges 
126,The Third Man,http://www.imdb.com/title/tt0041959/?pf_rd_m=A2FGELUUNOQJNL&pf_rd_p=e31d89dd-322d-4646-8962-327b42fe94b1&pf_rd_r=0E90E63ZSE044HFQM0G4&pf_rd_s=center-1&pf_rd_t=15506&pf_rd_i=top&ref_=chttp_tt_127,1949,8.2," Orson Welles, Joseph Cotten",Carol Reed 
127,Bacheha-Ye aseman,http://www.imdb.com/title/tt0118849/?pf_rd_m=A2FGELUUNOQJNL&pf_rd_p=e31d89dd-322d-4646-8962-327b42fe94b1&pf_rd_r=0E90E63ZSE044HFQM0G4&pf_rd_s=center-1&pf_rd_t=15506&pf_rd_i=top&ref_=chttp_tt_128,1997,8.2," Mohammad Amir Naji, Amir Farrokh Hashemian",Majid Majidi 
128,Chinatown,http://www.imdb.com/title/tt0071315/?pf_rd_m=A2FGELUUNOQJNL&pf_rd_p=e31d89dd-322d-4646-8962-327b42fe94b1&pf_rd_r=0E90E63ZSE044HFQM0G4&pf_rd_s=center-1&pf_rd_t=15506&pf_rd_i=top&ref_=chttp_tt_129,1974,8.2," Jack Nicholson, Faye Dunaway",Roman Polanski 
129,Pan's Labyrinth,http://www.imdb.com/title/tt0457430/?pf_rd_m=A2FGELUUNOQJNL&pf_rd_p=e31d89dd-322d-4646-8962-327b42fe94b1&pf_rd_r=0E90E63ZSE044HFQM0G4&pf_rd_s=center-1&pf_rd_t=15506&pf_rd_i=top&ref_=chttp_tt_130,2006,8.2," Ivana Baquero, Ariadna Gil",Guillermo del Toro 
130,Incendies,http://www.imdb.com/title/tt1255953/?pf_rd_m=A2FGELUUNOQJNL&pf_rd_p=e31d89dd-322d-4646-8962-327b42fe94b1&pf_rd_r=0E90E63ZSE044HFQM0G4&pf_rd_s=center-1&pf_rd_t=15506&pf_rd_i=top&ref_=chttp_tt_131,2010,8.2," Lubna Azabal, Mélissa Désormeaux-Poulin",Denis Villeneuve 
131,Tonari no Totoro,http://www.imdb.com/title/tt0096283/?pf_rd_m=A2FGELUUNOQJNL&pf_rd_p=e31d89dd-322d-4646-8962-327b42fe94b1&pf_rd_r=0E90E63ZSE044HFQM0G4&pf_rd_s=center-1&pf_rd_t=15506&pf_rd_i=top&ref_=chttp_tt_132,1988,8.2," Hitoshi Takagi, Noriko Hidaka",Hayao Miyazaki 
132,Ran,http://www.imdb.com/title/tt0089881/?pf_rd_m=A2FGELUUNOQJNL&pf_rd_p=e31d89dd-322d-4646-8962-327b42fe94b1&pf_rd_r=0E90E63ZSE044HFQM0G4&pf_rd_s=center-1&pf_rd_t=15506&pf_rd_i=top&ref_=chttp_tt_133,1985,8.2," Tatsuya Nakadai, Akira Terao",Akira Kurosawa 
133,Judgment at Nuremberg,http://www.imdb.com/title/tt0055031/?pf_rd_m=A2FGELUUNOQJNL&pf_rd_p=e31d89dd-322d-4646-8962-327b42fe94b1&pf_rd_r=0E90E63ZSE044HFQM0G4&pf_rd_s=center-1&pf_rd_t=15506&pf_rd_i=top&ref_=chttp_tt_134,1961,8.2," Spencer Tracy, Burt Lancaster",Stanley Kramer 
134,El secreto de sus ojos,http://www.imdb.com/title/tt1305806/?pf_rd_m=A2FGELUUNOQJNL&pf_rd_p=e31d89dd-322d-4646-8962-327b42fe94b1&pf_rd_r=0E90E63ZSE044HFQM0G4&pf_rd_s=center-1&pf_rd_t=15506&pf_rd_i=top&ref_=chttp_tt_135,2009,8.2," Ricardo Darín, Soledad Villamil",Juan José Campanella 
135,The Gold Rush,http://www.imdb.com/title/tt0015864/?pf_rd_m=A2FGELUUNOQJNL&pf_rd_p=e31d89dd-322d-4646-8962-327b42fe94b1&pf_rd_r=0E90E63ZSE044HFQM0G4&pf_rd_s=center-1&pf_rd_t=15506&pf_rd_i=top&ref_=chttp_tt_136,1925,8.2," Charles Chaplin, Mack Swain",Charles Chaplin 
136,Hauru no ugoku shiro,http://www.imdb.com/title/tt0347149/?pf_rd_m=A2FGELUUNOQJNL&pf_rd_p=e31d89dd-322d-4646-8962-327b42fe94b1&pf_rd_r=0E90E63ZSE044HFQM0G4&pf_rd_s=center-1&pf_rd_t=15506&pf_rd_i=top&ref_=chttp_tt_137,2004,8.2," Chieko Baishô, Takuya Kimura",Hayao Miyazaki 
137,The Bridge on the River Kwai,http://www.imdb.com/title/tt0050212/?pf_rd_m=A2FGELUUNOQJNL&pf_rd_p=e31d89dd-322d-4646-8962-327b42fe94b1&pf_rd_r=0E90E63ZSE044HFQM0G4&pf_rd_s=center-1&pf_rd_t=15506&pf_rd_i=top&ref_=chttp_tt_138,1957,8.2," William Holden, Alec Guinness",David Lean 
138,On the Waterfront,http://www.imdb.com/title/tt0047296/?pf_rd_m=A2FGELUUNOQJNL&pf_rd_p=e31d89dd-322d-4646-8962-327b42fe94b1&pf_rd_r=0E90E63ZSE044HFQM0G4&pf_rd_s=center-1&pf_rd_t=15506&pf_rd_i=top&ref_=chttp_tt_139,1954,8.2," Marlon Brando, Karl Malden",Elia Kazan 
139,Inside Out,http://www.imdb.com/title/tt2096673/?pf_rd_m=A2FGELUUNOQJNL&pf_rd_p=e31d89dd-322d-4646-8962-327b42fe94b1&pf_rd_r=0E90E63ZSE044HFQM0G4&pf_rd_s=center-1&pf_rd_t=15506&pf_rd_i=top&ref_=chttp_tt_140,2015,8.2," Amy Poehler, Bill Hader",Pete Docter 
140,Det sjunde inseglet,http://www.imdb.com/title/tt0050976/?pf_rd_m=A2FGELUUNOQJNL&pf_rd_p=e31d89dd-322d-4646-8962-327b42fe94b1&pf_rd_r=0E90E63ZSE044HFQM0G4&pf_rd_s=center-1&pf_rd_t=15506&pf_rd_i=top&ref_=chttp_tt_141,1957,8.2," Max von Sydow, Gunnar Björnstrand",Ingmar Bergman 
141,"Lock, Stock and Two Smoking Barrels",http://www.imdb.com/title/tt0120735/?pf_rd_m=A2FGELUUNOQJNL&pf_rd_p=e31d89dd-322d-4646-8962-327b42fe94b1&pf_rd_r=0E90E63ZSE044HFQM0G4&pf_rd_s=center-1&pf_rd_t=15506&pf_rd_i=top&ref_=chttp_tt_142,1998,8.2," Jason Flemyng, Dexter Fletcher",Guy Ritchie 
142,A Beautiful Mind,http://www.imdb.com/title/tt0268978/?pf_rd_m=A2FGELUUNOQJNL&pf_rd_p=e31d89dd-322d-4646-8962-327b42fe94b1&pf_rd_r=0E90E63ZSE044HFQM0G4&pf_rd_s=center-1&pf_rd_t=15506&pf_rd_i=top&ref_=chttp_tt_143,2001,8.2," Russell Crowe, Ed Harris",Ron Howard 
143,Room,http://www.imdb.com/title/tt3170832/?pf_rd_m=A2FGELUUNOQJNL&pf_rd_p=e31d89dd-322d-4646-8962-327b42fe94b1&pf_rd_r=0E90E63ZSE044HFQM0G4&pf_rd_s=center-1&pf_rd_t=15506&pf_rd_i=top&ref_=chttp_tt_144,2015,8.2," Brie Larson, Jacob Tremblay",Lenny Abrahamson 
144,Casino,http://www.imdb.com/title/tt0112641/?pf_rd_m=A2FGELUUNOQJNL&pf_rd_p=e31d89dd-322d-4646-8962-327b42fe94b1&pf_rd_r=0E90E63ZSE044HFQM0G4&pf_rd_s=center-1&pf_rd_t=15506&pf_rd_i=top&ref_=chttp_tt_145,1995,8.2," Robert De Niro, Sharon Stone",Martin Scorsese 
145,Mr. Smith Goes to Washington,http://www.imdb.com/title/tt0031679/?pf_rd_m=A2FGELUUNOQJNL&pf_rd_p=e31d89dd-322d-4646-8962-327b42fe94b1&pf_rd_r=0E90E63ZSE044HFQM0G4&pf_rd_s=center-1&pf_rd_t=15506&pf_rd_i=top&ref_=chttp_tt_146,1939,8.2," James Stewart, Jean Arthur",Frank Capra 
146,The Elephant Man,http://www.imdb.com/title/tt0080678/?pf_rd_m=A2FGELUUNOQJNL&pf_rd_p=e31d89dd-322d-4646-8962-327b42fe94b1&pf_rd_r=0E90E63ZSE044HFQM0G4&pf_rd_s=center-1&pf_rd_t=15506&pf_rd_i=top&ref_=chttp_tt_147,1980,8.1," Anthony Hopkins, John Hurt",David Lynch 
147,The Wolf of Wall Street,http://www.imdb.com/title/tt0993846/?pf_rd_m=A2FGELUUNOQJNL&pf_rd_p=e31d89dd-322d-4646-8962-327b42fe94b1&pf_rd_r=0E90E63ZSE044HFQM0G4&pf_rd_s=center-1&pf_rd_t=15506&pf_rd_i=top&ref_=chttp_tt_148,2013,8.1," Leonardo DiCaprio, Jonah Hill",Martin Scorsese 
148,V for Vendetta,http://www.imdb.com/title/tt0434409/?pf_rd_m=A2FGELUUNOQJNL&pf_rd_p=e31d89dd-322d-4646-8962-327b42fe94b1&pf_rd_r=0E90E63ZSE044HFQM0G4&pf_rd_s=center-1&pf_rd_t=15506&pf_rd_i=top&ref_=chttp_tt_149,2005,8.1," Hugo Weaving, Natalie Portman",James McTeigue 
149,Blade Runner,http://www.imdb.com/title/tt0083658/?pf_rd_m=A2FGELUUNOQJNL&pf_rd_p=e31d89dd-322d-4646-8962-327b42fe94b1&pf_rd_r=0E90E63ZSE044HFQM0G4&pf_rd_s=center-1&pf_rd_t=15506&pf_rd_i=top&ref_=chttp_tt_150,1982,8.1," Harrison Ford, Rutger Hauer",Ridley Scott 
150,Smultronstället,http://www.imdb.com/title/tt0050986/?pf_rd_m=A2FGELUUNOQJNL&pf_rd_p=e31d89dd-322d-4646-8962-327b42fe94b1&pf_rd_r=0E90E63ZSE044HFQM0G4&pf_rd_s=center-1&pf_rd_t=15506&pf_rd_i=top&ref_=chttp_tt_151,1957,8.1," Victor Sjöström, Bibi Andersson",Ingmar Bergman 
151,The General,http://www.imdb.com/title/tt0017925/?pf_rd_m=A2FGELUUNOQJNL&pf_rd_p=e31d89dd-322d-4646-8962-327b42fe94b1&pf_rd_r=0E90E63ZSE044HFQM0G4&pf_rd_s=center-1&pf_rd_t=15506&pf_rd_i=top&ref_=chttp_tt_152,1926,8.1," Buster Keaton, Marion Mack",Clyde Bruckman 
152,Warrior,http://www.imdb.com/title/tt1291584/?pf_rd_m=A2FGELUUNOQJNL&pf_rd_p=e31d89dd-322d-4646-8962-327b42fe94b1&pf_rd_r=0E90E63ZSE044HFQM0G4&pf_rd_s=center-1&pf_rd_t=15506&pf_rd_i=top&ref_=chttp_tt_153,2011,8.1," Tom Hardy, Nick Nolte",Gavin O'Connor 
153,Dial M for Murder,http://www.imdb.com/title/tt0046912/?pf_rd_m=A2FGELUUNOQJNL&pf_rd_p=e31d89dd-322d-4646-8962-327b42fe94b1&pf_rd_r=0E90E63ZSE044HFQM0G4&pf_rd_s=center-1&pf_rd_t=15506&pf_rd_i=top&ref_=chttp_tt_154,1954,8.1," Ray Milland, Grace Kelly",Alfred Hitchcock 
154,Trainspotting,http://www.imdb.com/title/tt0117951/?pf_rd_m=A2FGELUUNOQJNL&pf_rd_p=e31d89dd-322d-4646-8962-327b42fe94b1&pf_rd_r=0E90E63ZSE044HFQM0G4&pf_rd_s=center-1&pf_rd_t=15506&pf_rd_i=top&ref_=chttp_tt_155,1996,8.1," Ewan McGregor, Ewen Bremner",Danny Boyle 
155,Gone with the Wind,http://www.imdb.com/title/tt0031381/?pf_rd_m=A2FGELUUNOQJNL&pf_rd_p=e31d89dd-322d-4646-8962-327b42fe94b1&pf_rd_r=0E90E63ZSE044HFQM0G4&pf_rd_s=center-1&pf_rd_t=15506&pf_rd_i=top&ref_=chttp_tt_156,1939,8.1," Clark Gable, Vivien Leigh",Victor Fleming 
156,Gran Torino,http://www.imdb.com/title/tt1205489/?pf_rd_m=A2FGELUUNOQJNL&pf_rd_p=e31d89dd-322d-4646-8962-327b42fe94b1&pf_rd_r=0E90E63ZSE044HFQM0G4&pf_rd_s=center-1&pf_rd_t=15506&pf_rd_i=top&ref_=chttp_tt_157,2008,8.1," Clint Eastwood, Bee Vang",Clint Eastwood 
157,No Country for Old Men,http://www.imdb.com/title/tt0477348/?pf_rd_m=A2FGELUUNOQJNL&pf_rd_p=e31d89dd-322d-4646-8962-327b42fe94b1&pf_rd_r=0E90E63ZSE044HFQM0G4&pf_rd_s=center-1&pf_rd_t=15506&pf_rd_i=top&ref_=chttp_tt_158,2007,8.1," Tommy Lee Jones, Javier Bardem",Ethan Coen 
158,The Sixth Sense,http://www.imdb.com/title/tt0167404/?pf_rd_m=A2FGELUUNOQJNL&pf_rd_p=e31d89dd-322d-4646-8962-327b42fe94b1&pf_rd_r=0E90E63ZSE044HFQM0G4&pf_rd_s=center-1&pf_rd_t=15506&pf_rd_i=top&ref_=chttp_tt_159,1999,8.1," Bruce Willis, Haley Joel Osment",M. Night Shyamalan 
159,Fargo,http://www.imdb.com/title/tt0116282/?pf_rd_m=A2FGELUUNOQJNL&pf_rd_p=e31d89dd-322d-4646-8962-327b42fe94b1&pf_rd_r=0E90E63ZSE044HFQM0G4&pf_rd_s=center-1&pf_rd_t=15506&pf_rd_i=top&ref_=chttp_tt_160,1996,8.1," William H. Macy, Frances McDormand",Joel Coen 
160,The Deer Hunter,http://www.imdb.com/title/tt0077416/?pf_rd_m=A2FGELUUNOQJNL&pf_rd_p=e31d89dd-322d-4646-8962-327b42fe94b1&pf_rd_r=0E90E63ZSE044HFQM0G4&pf_rd_s=center-1&pf_rd_t=15506&pf_rd_i=top&ref_=chttp_tt_161,1978,8.1," Robert De Niro, Christopher Walken",Michael Cimino 
161,Blade Runner 2049,http://www.imdb.com/title/tt1856101/?pf_rd_m=A2FGELUUNOQJNL&pf_rd_p=e31d89dd-322d-4646-8962-327b42fe94b1&pf_rd_r=0E90E63ZSE044HFQM0G4&pf_rd_s=center-1&pf_rd_t=15506&pf_rd_i=top&ref_=chttp_tt_162,2017,8.1," Harrison Ford, Ryan Gosling",Denis Villeneuve 
162,The Thing,http://www.imdb.com/title/tt0084787/?pf_rd_m=A2FGELUUNOQJNL&pf_rd_p=e31d89dd-322d-4646-8962-327b42fe94b1&pf_rd_r=0E90E63ZSE044HFQM0G4&pf_rd_s=center-1&pf_rd_t=15506&pf_rd_i=top&ref_=chttp_tt_163,1982,8.1," Kurt Russell, Wilford Brimley",John Carpenter 
163,There Will Be Blood,http://www.imdb.com/title/tt0469494/?pf_rd_m=A2FGELUUNOQJNL&pf_rd_p=e31d89dd-322d-4646-8962-327b42fe94b1&pf_rd_r=0E90E63ZSE044HFQM0G4&pf_rd_s=center-1&pf_rd_t=15506&pf_rd_i=top&ref_=chttp_tt_164,2007,8.1," Daniel Day-Lewis, Paul Dano",Paul Thomas Anderson 
164,Finding Nemo,http://www.imdb.com/title/tt0266543/?pf_rd_m=A2FGELUUNOQJNL&pf_rd_p=e31d89dd-322d-4646-8962-327b42fe94b1&pf_rd_r=0E90E63ZSE044HFQM0G4&pf_rd_s=center-1&pf_rd_t=15506&pf_rd_i=top&ref_=chttp_tt_165,2003,8.1," Albert Brooks, Ellen DeGeneres",Andrew Stanton 
165,The Big Lebowski,http://www.imdb.com/title/tt0118715/?pf_rd_m=A2FGELUUNOQJNL&pf_rd_p=e31d89dd-322d-4646-8962-327b42fe94b1&pf_rd_r=0E90E63ZSE044HFQM0G4&pf_rd_s=center-1&pf_rd_t=15506&pf_rd_i=top&ref_=chttp_tt_166,1998,8.1," Jeff Bridges, John Goodman",Joel Coen 
166,Sunrise: A Song of Two Humans,http://www.imdb.com/title/tt0018455/?pf_rd_m=A2FGELUUNOQJNL&pf_rd_p=e31d89dd-322d-4646-8962-327b42fe94b1&pf_rd_r=0E90E63ZSE044HFQM0G4&pf_rd_s=center-1&pf_rd_t=15506&pf_rd_i=top&ref_=chttp_tt_167,1927,8.1," George O'Brien, Janet Gaynor",F.W. Murnau 
167,Idi i smotri,http://www.imdb.com/title/tt0091251/?pf_rd_m=A2FGELUUNOQJNL&pf_rd_p=e31d89dd-322d-4646-8962-327b42fe94b1&pf_rd_r=0E90E63ZSE044HFQM0G4&pf_rd_s=center-1&pf_rd_t=15506&pf_rd_i=top&ref_=chttp_tt_168,1985,8.1," Aleksey Kravchenko, Olga Mironova",Elem Klimov 
168,Cool Hand Luke,http://www.imdb.com/title/tt0061512/?pf_rd_m=A2FGELUUNOQJNL&pf_rd_p=e31d89dd-322d-4646-8962-327b42fe94b1&pf_rd_r=0E90E63ZSE044HFQM0G4&pf_rd_s=center-1&pf_rd_t=15506&pf_rd_i=top&ref_=chttp_tt_169,1967,8.1," Paul Newman, George Kennedy",Stuart Rosenberg 
169,Tôkyô monogatari,http://www.imdb.com/title/tt0046438/?pf_rd_m=A2FGELUUNOQJNL&pf_rd_p=e31d89dd-322d-4646-8962-327b42fe94b1&pf_rd_r=0E90E63ZSE044HFQM0G4&pf_rd_s=center-1&pf_rd_t=15506&pf_rd_i=top&ref_=chttp_tt_170,1953,8.1," Chishû Ryû, Chieko Higashiyama",Yasujirô Ozu 
170,Kill Bill: Vol. 1,http://www.imdb.com/title/tt0266697/?pf_rd_m=A2FGELUUNOQJNL&pf_rd_p=e31d89dd-322d-4646-8962-327b42fe94b1&pf_rd_r=0E90E63ZSE044HFQM0G4&pf_rd_s=center-1&pf_rd_t=15506&pf_rd_i=top&ref_=chttp_tt_171,2003,8.1," Uma Thurman, David Carradine",Quentin Tarantino 
171,Rebecca,http://www.imdb.com/title/tt0032976/?pf_rd_m=A2FGELUUNOQJNL&pf_rd_p=e31d89dd-322d-4646-8962-327b42fe94b1&pf_rd_r=0E90E63ZSE044HFQM0G4&pf_rd_s=center-1&pf_rd_t=15506&pf_rd_i=top&ref_=chttp_tt_172,1940,8.1," Laurence Olivier, Joan Fontaine",Alfred Hitchcock 
172,Andrei Rublev,http://www.imdb.com/title/tt0060107/?pf_rd_m=A2FGELUUNOQJNL&pf_rd_p=e31d89dd-322d-4646-8962-327b42fe94b1&pf_rd_r=0E90E63ZSE044HFQM0G4&pf_rd_s=center-1&pf_rd_t=15506&pf_rd_i=top&ref_=chttp_tt_173,1966,8.1," Anatoliy Solonitsyn, Ivan Lapikov",Andrei Tarkovsky 
173,Eskiya,http://www.imdb.com/title/tt0116231/?pf_rd_m=A2FGELUUNOQJNL&pf_rd_p=e31d89dd-322d-4646-8962-327b42fe94b1&pf_rd_r=0E90E63ZSE044HFQM0G4&pf_rd_s=center-1&pf_rd_t=15506&pf_rd_i=top&ref_=chttp_tt_174,1996,8.1," Sener Sen, Ugur Yücel",Yavuz Turgul 
174,Hacksaw Ridge,http://www.imdb.com/title/tt2119532/?pf_rd_m=A2FGELUUNOQJNL&pf_rd_p=e31d89dd-322d-4646-8962-327b42fe94b1&pf_rd_r=0E90E63ZSE044HFQM0G4&pf_rd_s=center-1&pf_rd_t=15506&pf_rd_i=top&ref_=chttp_tt_175,2016,8.1," Andrew Garfield, Sam Worthington",Mel Gibson 
175,Shutter Island,http://www.imdb.com/title/tt1130884/?pf_rd_m=A2FGELUUNOQJNL&pf_rd_p=e31d89dd-322d-4646-8962-327b42fe94b1&pf_rd_r=0E90E63ZSE044HFQM0G4&pf_rd_s=center-1&pf_rd_t=15506&pf_rd_i=top&ref_=chttp_tt_176,2010,8.1," Leonardo DiCaprio, Emily Mortimer",Martin Scorsese 
176,How to Train Your Dragon,http://www.imdb.com/title/tt0892769/?pf_rd_m=A2FGELUUNOQJNL&pf_rd_p=e31d89dd-322d-4646-8962-327b42fe94b1&pf_rd_r=0E90E63ZSE044HFQM0G4&pf_rd_s=center-1&pf_rd_t=15506&pf_rd_i=top&ref_=chttp_tt_177,2010,8.1," Jay Baruchel, Gerard Butler",Dean DeBlois 
177,Mary and Max,http://www.imdb.com/title/tt0978762/?pf_rd_m=A2FGELUUNOQJNL&pf_rd_p=e31d89dd-322d-4646-8962-327b42fe94b1&pf_rd_r=0E90E63ZSE044HFQM0G4&pf_rd_s=center-1&pf_rd_t=15506&pf_rd_i=top&ref_=chttp_tt_178,2009,8.1," Toni Collette, Philip Seymour Hoffman",Adam Elliot 
178,Gone Girl,http://www.imdb.com/title/tt2267998/?pf_rd_m=A2FGELUUNOQJNL&pf_rd_p=e31d89dd-322d-4646-8962-327b42fe94b1&pf_rd_r=0E90E63ZSE044HFQM0G4&pf_rd_s=center-1&pf_rd_t=15506&pf_rd_i=top&ref_=chttp_tt_179,2014,8.1," Ben Affleck, Rosamund Pike",David Fincher 
179,Into the Wild,http://www.imdb.com/title/tt0758758/?pf_rd_m=A2FGELUUNOQJNL&pf_rd_p=e31d89dd-322d-4646-8962-327b42fe94b1&pf_rd_r=0E90E63ZSE044HFQM0G4&pf_rd_s=center-1&pf_rd_t=15506&pf_rd_i=top&ref_=chttp_tt_180,2007,8.1," Emile Hirsch, Vince Vaughn",Sean Penn 
180,Rang De Basanti,http://www.imdb.com/title/tt0405508/?pf_rd_m=A2FGELUUNOQJNL&pf_rd_p=e31d89dd-322d-4646-8962-327b42fe94b1&pf_rd_r=0E90E63ZSE044HFQM0G4&pf_rd_s=center-1&pf_rd_t=15506&pf_rd_i=top&ref_=chttp_tt_181,2006,8.1," Aamir Khan, Soha Ali Khan",Rakeysh Omprakash Mehra 
181,Life of Brian,http://www.imdb.com/title/tt0079470/?pf_rd_m=A2FGELUUNOQJNL&pf_rd_p=e31d89dd-322d-4646-8962-327b42fe94b1&pf_rd_r=0E90E63ZSE044HFQM0G4&pf_rd_s=center-1&pf_rd_t=15506&pf_rd_i=top&ref_=chttp_tt_182,1979,8.1," Graham Chapman, John Cleese",Terry Jones 
182,Relatos salvajes,http://www.imdb.com/title/tt3011894/?pf_rd_m=A2FGELUUNOQJNL&pf_rd_p=e31d89dd-322d-4646-8962-327b42fe94b1&pf_rd_r=0E90E63ZSE044HFQM0G4&pf_rd_s=center-1&pf_rd_t=15506&pf_rd_i=top&ref_=chttp_tt_183,2014,8.1," Darío Grandinetti, María Marull",Damián Szifron 
183,It Happened One Night,http://www.imdb.com/title/tt0025316/?pf_rd_m=A2FGELUUNOQJNL&pf_rd_p=e31d89dd-322d-4646-8962-327b42fe94b1&pf_rd_r=0E90E63ZSE044HFQM0G4&pf_rd_s=center-1&pf_rd_t=15506&pf_rd_i=top&ref_=chttp_tt_184,1934,8.1," Clark Gable, Claudette Colbert",Frank Capra 
184,La passion de Jeanne d'Arc,http://www.imdb.com/title/tt0019254/?pf_rd_m=A2FGELUUNOQJNL&pf_rd_p=e31d89dd-322d-4646-8962-327b42fe94b1&pf_rd_r=0E90E63ZSE044HFQM0G4&pf_rd_s=center-1&pf_rd_t=15506&pf_rd_i=top&ref_=chttp_tt_185,1928,8.1," Maria Falconetti, Eugene Silvain",Carl Theodor Dreyer 
185,Platoon,http://www.imdb.com/title/tt0091763/?pf_rd_m=A2FGELUUNOQJNL&pf_rd_p=e31d89dd-322d-4646-8962-327b42fe94b1&pf_rd_r=0E90E63ZSE044HFQM0G4&pf_rd_s=center-1&pf_rd_t=15506&pf_rd_i=top&ref_=chttp_tt_186,1986,8.1," Charlie Sheen, Tom Berenger",Oliver Stone 
186,In the Name of the Father,http://www.imdb.com/title/tt0107207/?pf_rd_m=A2FGELUUNOQJNL&pf_rd_p=e31d89dd-322d-4646-8962-327b42fe94b1&pf_rd_r=0E90E63ZSE044HFQM0G4&pf_rd_s=center-1&pf_rd_t=15506&pf_rd_i=top&ref_=chttp_tt_187,1993,8.1," Daniel Day-Lewis, Pete Postlethwaite",Jim Sheridan 
187,Hotel Rwanda,http://www.imdb.com/title/tt0395169/?pf_rd_m=A2FGELUUNOQJNL&pf_rd_p=e31d89dd-322d-4646-8962-327b42fe94b1&pf_rd_r=0E90E63ZSE044HFQM0G4&pf_rd_s=center-1&pf_rd_t=15506&pf_rd_i=top&ref_=chttp_tt_188,2004,8.1," Don Cheadle, Sophie Okonedo",Terry George 
188,Network,http://www.imdb.com/title/tt0074958/?pf_rd_m=A2FGELUUNOQJNL&pf_rd_p=e31d89dd-322d-4646-8962-327b42fe94b1&pf_rd_r=0E90E63ZSE044HFQM0G4&pf_rd_s=center-1&pf_rd_t=15506&pf_rd_i=top&ref_=chttp_tt_189,1976,8.1," Faye Dunaway, William Holden",Sidney Lumet 
189,Stand by Me,http://www.imdb.com/title/tt0092005/?pf_rd_m=A2FGELUUNOQJNL&pf_rd_p=e31d89dd-322d-4646-8962-327b42fe94b1&pf_rd_r=0E90E63ZSE044HFQM0G4&pf_rd_s=center-1&pf_rd_t=15506&pf_rd_i=top&ref_=chttp_tt_190,1986,8.1," Wil Wheaton, River Phoenix",Rob Reiner 
190,Le salaire de la peur,http://www.imdb.com/title/tt0046268/?pf_rd_m=A2FGELUUNOQJNL&pf_rd_p=e31d89dd-322d-4646-8962-327b42fe94b1&pf_rd_r=0E90E63ZSE044HFQM0G4&pf_rd_s=center-1&pf_rd_t=15506&pf_rd_i=top&ref_=chttp_tt_191,1953,8.1," Yves Montand, Charles Vanel",Henri-Georges Clouzot 
191,The Grand Budapest Hotel,http://www.imdb.com/title/tt2278388/?pf_rd_m=A2FGELUUNOQJNL&pf_rd_p=e31d89dd-322d-4646-8962-327b42fe94b1&pf_rd_r=0E90E63ZSE044HFQM0G4&pf_rd_s=center-1&pf_rd_t=15506&pf_rd_i=top&ref_=chttp_tt_192,2014,8.1," Ralph Fiennes, F. Murray Abraham",Wes Anderson 
192,Rush,http://www.imdb.com/title/tt1979320/?pf_rd_m=A2FGELUUNOQJNL&pf_rd_p=e31d89dd-322d-4646-8962-327b42fe94b1&pf_rd_r=0E90E63ZSE044HFQM0G4&pf_rd_s=center-1&pf_rd_t=15506&pf_rd_i=top&ref_=chttp_tt_193,2013,8.1," Daniel Brühl, Chris Hemsworth",Ron Howard 
193,Ben-Hur,http://www.imdb.com/title/tt0052618/?pf_rd_m=A2FGELUUNOQJNL&pf_rd_p=e31d89dd-322d-4646-8962-327b42fe94b1&pf_rd_r=0E90E63ZSE044HFQM0G4&pf_rd_s=center-1&pf_rd_t=15506&pf_rd_i=top&ref_=chttp_tt_194,1959,8.1," Charlton Heston, Jack Hawkins",William Wyler 
194,Stalker,http://www.imdb.com/title/tt0079944/?pf_rd_m=A2FGELUUNOQJNL&pf_rd_p=e31d89dd-322d-4646-8962-327b42fe94b1&pf_rd_r=0E90E63ZSE044HFQM0G4&pf_rd_s=center-1&pf_rd_t=15506&pf_rd_i=top&ref_=chttp_tt_195,1979,8.1," Alisa Freyndlikh, Aleksandr Kaydanovskiy",Andrei Tarkovsky 
195,Persona,http://www.imdb.com/title/tt0060827/?pf_rd_m=A2FGELUUNOQJNL&pf_rd_p=e31d89dd-322d-4646-8962-327b42fe94b1&pf_rd_r=0E90E63ZSE044HFQM0G4&pf_rd_s=center-1&pf_rd_t=15506&pf_rd_i=top&ref_=chttp_tt_196,1966,8.1," Bibi Andersson, Liv Ullmann",Ingmar Bergman 
196,Jurassic Park,http://www.imdb.com/title/tt0107290/?pf_rd_m=A2FGELUUNOQJNL&pf_rd_p=e31d89dd-322d-4646-8962-327b42fe94b1&pf_rd_r=0E90E63ZSE044HFQM0G4&pf_rd_s=center-1&pf_rd_t=15506&pf_rd_i=top&ref_=chttp_tt_197,1993,8.1," Sam Neill, Laura Dern",Steven Spielberg 
197,Salinui chueok,http://www.imdb.com/title/tt0353969/?pf_rd_m=A2FGELUUNOQJNL&pf_rd_p=e31d89dd-322d-4646-8962-327b42fe94b1&pf_rd_r=0E90E63ZSE044HFQM0G4&pf_rd_s=center-1&pf_rd_t=15506&pf_rd_i=top&ref_=chttp_tt_198,2003,8.1," Kang-ho Song, Sang-kyung Kim",Joon-ho Bong 
198,12 Years a Slave,http://www.imdb.com/title/tt2024544/?pf_rd_m=A2FGELUUNOQJNL&pf_rd_p=e31d89dd-322d-4646-8962-327b42fe94b1&pf_rd_r=0E90E63ZSE044HFQM0G4&pf_rd_s=center-1&pf_rd_t=15506&pf_rd_i=top&ref_=chttp_tt_199,2013,8.1," Chiwetel Ejiofor, Michael Kenneth Williams",Steve McQueen 
199,Million Dollar Baby,http://www.imdb.com/title/tt0405159/?pf_rd_m=A2FGELUUNOQJNL&pf_rd_p=e31d89dd-322d-4646-8962-327b42fe94b1&pf_rd_r=0E90E63ZSE044HFQM0G4&pf_rd_s=center-1&pf_rd_t=15506&pf_rd_i=top&ref_=chttp_tt_200,2004,8.1," Hilary Swank, Clint Eastwood",Clint Eastwood 
200,Les quatre cents coups,http://www.imdb.com/title/tt0053198/?pf_rd_m=A2FGELUUNOQJNL&pf_rd_p=e31d89dd-322d-4646-8962-327b42fe94b1&pf_rd_r=0E90E63ZSE044HFQM0G4&pf_rd_s=center-1&pf_rd_t=15506&pf_rd_i=top&ref_=chttp_tt_201,1959,8.1," Jean-Pierre Léaud, Albert Rémy",François Truffaut 
201,The Truman Show,http://www.imdb.com/title/tt0120382/?pf_rd_m=A2FGELUUNOQJNL&pf_rd_p=e31d89dd-322d-4646-8962-327b42fe94b1&pf_rd_r=0E90E63ZSE044HFQM0G4&pf_rd_s=center-1&pf_rd_t=15506&pf_rd_i=top&ref_=chttp_tt_202,1998,8.1," Jim Carrey, Ed Harris",Peter Weir 
202,Mad Max: Fury Road,http://www.imdb.com/title/tt1392190/?pf_rd_m=A2FGELUUNOQJNL&pf_rd_p=e31d89dd-322d-4646-8962-327b42fe94b1&pf_rd_r=0E90E63ZSE044HFQM0G4&pf_rd_s=center-1&pf_rd_t=15506&pf_rd_i=top&ref_=chttp_tt_203,2015,8.1," Tom Hardy, Charlize Theron",George Miller 
203,Spotlight,http://www.imdb.com/title/tt1895587/?pf_rd_m=A2FGELUUNOQJNL&pf_rd_p=e31d89dd-322d-4646-8962-327b42fe94b1&pf_rd_r=0E90E63ZSE044HFQM0G4&pf_rd_s=center-1&pf_rd_t=15506&pf_rd_i=top&ref_=chttp_tt_204,2015,8.1," Mark Ruffalo, Michael Keaton",Tom McCarthy 
204,Logan,http://www.imdb.com/title/tt3315342/?pf_rd_m=A2FGELUUNOQJNL&pf_rd_p=e31d89dd-322d-4646-8962-327b42fe94b1&pf_rd_r=0E90E63ZSE044HFQM0G4&pf_rd_s=center-1&pf_rd_t=15506&pf_rd_i=top&ref_=chttp_tt_205,2017,8.1," Hugh Jackman, Patrick Stewart",James Mangold 
205,Amores perros,http://www.imdb.com/title/tt0245712/?pf_rd_m=A2FGELUUNOQJNL&pf_rd_p=e31d89dd-322d-4646-8962-327b42fe94b1&pf_rd_r=0E90E63ZSE044HFQM0G4&pf_rd_s=center-1&pf_rd_t=15506&pf_rd_i=top&ref_=chttp_tt_206,2000,8.1," Emilio Echevarría, Gael García Bernal",Alejandro G. Iñárritu 
206,La La Land,http://www.imdb.com/title/tt3783958/?pf_rd_m=A2FGELUUNOQJNL&pf_rd_p=e31d89dd-322d-4646-8962-327b42fe94b1&pf_rd_r=0E90E63ZSE044HFQM0G4&pf_rd_s=center-1&pf_rd_t=15506&pf_rd_i=top&ref_=chttp_tt_207,2016,8.1," Ryan Gosling, Emma Stone",Damien Chazelle 
207,Before Sunrise,http://www.imdb.com/title/tt0112471/?pf_rd_m=A2FGELUUNOQJNL&pf_rd_p=e31d89dd-322d-4646-8962-327b42fe94b1&pf_rd_r=0E90E63ZSE044HFQM0G4&pf_rd_s=center-1&pf_rd_t=15506&pf_rd_i=top&ref_=chttp_tt_208,1995,8.1," Ethan Hawke, Julie Delpy",Richard Linklater 
208,Butch Cassidy and the Sundance Kid,http://www.imdb.com/title/tt0064115/?pf_rd_m=A2FGELUUNOQJNL&pf_rd_p=e31d89dd-322d-4646-8962-327b42fe94b1&pf_rd_r=0E90E63ZSE044HFQM0G4&pf_rd_s=center-1&pf_rd_t=15506&pf_rd_i=top&ref_=chttp_tt_209,1969,8.1," Paul Newman, Robert Redford",George Roy Hill 
209,Hachi: A Dog's Tale,http://www.imdb.com/title/tt1028532/?pf_rd_m=A2FGELUUNOQJNL&pf_rd_p=e31d89dd-322d-4646-8962-327b42fe94b1&pf_rd_r=0E90E63ZSE044HFQM0G4&pf_rd_s=center-1&pf_rd_t=15506&pf_rd_i=top&ref_=chttp_tt_210,2009,8.1," Richard Gere, Joan Allen",Lasse Hallström 
210,A Wednesday,http://www.imdb.com/title/tt1280558/?pf_rd_m=A2FGELUUNOQJNL&pf_rd_p=e31d89dd-322d-4646-8962-327b42fe94b1&pf_rd_r=0E90E63ZSE044HFQM0G4&pf_rd_s=center-1&pf_rd_t=15506&pf_rd_i=top&ref_=chttp_tt_211,2008,8.1," Anupam Kher, Naseeruddin Shah",Neeraj Pandey 
211,Kaze no tani no Naushika,http://www.imdb.com/title/tt0087544/?pf_rd_m=A2FGELUUNOQJNL&pf_rd_p=e31d89dd-322d-4646-8962-327b42fe94b1&pf_rd_r=0E90E63ZSE044HFQM0G4&pf_rd_s=center-1&pf_rd_t=15506&pf_rd_i=top&ref_=chttp_tt_212,1984,8.1," Sumi Shimamoto, Mahito Tsujimura",Hayao Miyazaki 
212,The Princess Bride,http://www.imdb.com/title/tt0093779/?pf_rd_m=A2FGELUUNOQJNL&pf_rd_p=e31d89dd-322d-4646-8962-327b42fe94b1&pf_rd_r=0E90E63ZSE044HFQM0G4&pf_rd_s=center-1&pf_rd_t=15506&pf_rd_i=top&ref_=chttp_tt_213,1987,8.1," Cary Elwes, Mandy Patinkin",Rob Reiner 
213,Prisoners,http://www.imdb.com/title/tt1392214/?pf_rd_m=A2FGELUUNOQJNL&pf_rd_p=e31d89dd-322d-4646-8962-327b42fe94b1&pf_rd_r=0E90E63ZSE044HFQM0G4&pf_rd_s=center-1&pf_rd_t=15506&pf_rd_i=top&ref_=chttp_tt_214,2013,8.0," Hugh Jackman, Jake Gyllenhaal",Denis Villeneuve 
214,The Maltese Falcon,http://www.imdb.com/title/tt0033870/?pf_rd_m=A2FGELUUNOQJNL&pf_rd_p=e31d89dd-322d-4646-8962-327b42fe94b1&pf_rd_r=0E90E63ZSE044HFQM0G4&pf_rd_s=center-1&pf_rd_t=15506&pf_rd_i=top&ref_=chttp_tt_215,1941,8.0," Humphrey Bogart, Mary Astor",John Huston 
215,Catch Me If You Can,http://www.imdb.com/title/tt0264464/?pf_rd_m=A2FGELUUNOQJNL&pf_rd_p=e31d89dd-322d-4646-8962-327b42fe94b1&pf_rd_r=0E90E63ZSE044HFQM0G4&pf_rd_s=center-1&pf_rd_t=15506&pf_rd_i=top&ref_=chttp_tt_216,2002,8.0," Leonardo DiCaprio, Tom Hanks",Steven Spielberg 
216,Harry Potter and the Deathly Hallows: Part 2,http://www.imdb.com/title/tt1201607/?pf_rd_m=A2FGELUUNOQJNL&pf_rd_p=e31d89dd-322d-4646-8962-327b42fe94b1&pf_rd_r=0E90E63ZSE044HFQM0G4&pf_rd_s=center-1&pf_rd_t=15506&pf_rd_i=top&ref_=chttp_tt_217,2011,8.0," Daniel Radcliffe, Emma Watson",David Yates 
217,Le notti di Cabiria,http://www.imdb.com/title/tt0050783/?pf_rd_m=A2FGELUUNOQJNL&pf_rd_p=e31d89dd-322d-4646-8962-327b42fe94b1&pf_rd_r=0E90E63ZSE044HFQM0G4&pf_rd_s=center-1&pf_rd_t=15506&pf_rd_i=top&ref_=chttp_tt_218,1957,8.0," Giulietta Masina, François Périer",Federico Fellini 
218,Rocky,http://www.imdb.com/title/tt0075148/?pf_rd_m=A2FGELUUNOQJNL&pf_rd_p=e31d89dd-322d-4646-8962-327b42fe94b1&pf_rd_r=0E90E63ZSE044HFQM0G4&pf_rd_s=center-1&pf_rd_t=15506&pf_rd_i=top&ref_=chttp_tt_219,1976,8.0," Sylvester Stallone, Talia Shire",John G. Avildsen 
219,The Grapes of Wrath,http://www.imdb.com/title/tt0032551/?pf_rd_m=A2FGELUUNOQJNL&pf_rd_p=e31d89dd-322d-4646-8962-327b42fe94b1&pf_rd_r=0E90E63ZSE044HFQM0G4&pf_rd_s=center-1&pf_rd_t=15506&pf_rd_i=top&ref_=chttp_tt_220,1940,8.0," Henry Fonda, Jane Darwell",John Ford 
220,"Monsters, Inc.",http://www.imdb.com/title/tt0198781/?pf_rd_m=A2FGELUUNOQJNL&pf_rd_p=e31d89dd-322d-4646-8962-327b42fe94b1&pf_rd_r=0E90E63ZSE044HFQM0G4&pf_rd_s=center-1&pf_rd_t=15506&pf_rd_i=top&ref_=chttp_tt_221,2001,8.0," Billy Crystal, John Goodman",Pete Docter 
221,Paper Moon,http://www.imdb.com/title/tt0070510/?pf_rd_m=A2FGELUUNOQJNL&pf_rd_p=e31d89dd-322d-4646-8962-327b42fe94b1&pf_rd_r=0E90E63ZSE044HFQM0G4&pf_rd_s=center-1&pf_rd_t=15506&pf_rd_i=top&ref_=chttp_tt_222,1973,8.0," Ryan O'Neal, Tatum O'Neal",Peter Bogdanovich 
222,Les diaboliques,http://www.imdb.com/title/tt0046911/?pf_rd_m=A2FGELUUNOQJNL&pf_rd_p=e31d89dd-322d-4646-8962-327b42fe94b1&pf_rd_r=0E90E63ZSE044HFQM0G4&pf_rd_s=center-1&pf_rd_t=15506&pf_rd_i=top&ref_=chttp_tt_223,1955,8.0," Simone Signoret, Véra Clouzot",Henri-Georges Clouzot 
223,Donnie Darko,http://www.imdb.com/title/tt0246578/?pf_rd_m=A2FGELUUNOQJNL&pf_rd_p=e31d89dd-322d-4646-8962-327b42fe94b1&pf_rd_r=0E90E63ZSE044HFQM0G4&pf_rd_s=center-1&pf_rd_t=15506&pf_rd_i=top&ref_=chttp_tt_224,2001,8.0," Jake Gyllenhaal, Jena Malone",Richard Kelly 
224,Barry Lyndon,http://www.imdb.com/title/tt0072684/?pf_rd_m=A2FGELUUNOQJNL&pf_rd_p=e31d89dd-322d-4646-8962-327b42fe94b1&pf_rd_r=0E90E63ZSE044HFQM0G4&pf_rd_s=center-1&pf_rd_t=15506&pf_rd_i=top&ref_=chttp_tt_225,1975,8.0," Ryan O'Neal, Marisa Berenson",Stanley Kubrick 
225,Gandhi,http://www.imdb.com/title/tt0083987/?pf_rd_m=A2FGELUUNOQJNL&pf_rd_p=e31d89dd-322d-4646-8962-327b42fe94b1&pf_rd_r=0E90E63ZSE044HFQM0G4&pf_rd_s=center-1&pf_rd_t=15506&pf_rd_i=top&ref_=chttp_tt_226,1982,8.0," Ben Kingsley, John Gielgud",Richard Attenborough 
226,Touch of Evil,http://www.imdb.com/title/tt0052311/?pf_rd_m=A2FGELUUNOQJNL&pf_rd_p=e31d89dd-322d-4646-8962-327b42fe94b1&pf_rd_r=0E90E63ZSE044HFQM0G4&pf_rd_s=center-1&pf_rd_t=15506&pf_rd_i=top&ref_=chttp_tt_227,1958,8.0," Charlton Heston, Orson Welles",Orson Welles 
227,The Terminator,http://www.imdb.com/title/tt0088247/?pf_rd_m=A2FGELUUNOQJNL&pf_rd_p=e31d89dd-322d-4646-8962-327b42fe94b1&pf_rd_r=0E90E63ZSE044HFQM0G4&pf_rd_s=center-1&pf_rd_t=15506&pf_rd_i=top&ref_=chttp_tt_228,1984,8.0," Arnold Schwarzenegger, Linda Hamilton",James Cameron 
228,Groundhog Day,http://www.imdb.com/title/tt0107048/?pf_rd_m=A2FGELUUNOQJNL&pf_rd_p=e31d89dd-322d-4646-8962-327b42fe94b1&pf_rd_r=0E90E63ZSE044HFQM0G4&pf_rd_s=center-1&pf_rd_t=15506&pf_rd_i=top&ref_=chttp_tt_229,1993,8.0," Bill Murray, Andie MacDowell",Harold Ramis 
229,La haine,http://www.imdb.com/title/tt0113247/?pf_rd_m=A2FGELUUNOQJNL&pf_rd_p=e31d89dd-322d-4646-8962-327b42fe94b1&pf_rd_r=0E90E63ZSE044HFQM0G4&pf_rd_s=center-1&pf_rd_t=15506&pf_rd_i=top&ref_=chttp_tt_230,1995,8.0," Vincent Cassel, Hubert Koundé",Mathieu Kassovitz 
230,The Wizard of Oz,http://www.imdb.com/title/tt0032138/?pf_rd_m=A2FGELUUNOQJNL&pf_rd_p=e31d89dd-322d-4646-8962-327b42fe94b1&pf_rd_r=0E90E63ZSE044HFQM0G4&pf_rd_s=center-1&pf_rd_t=15506&pf_rd_i=top&ref_=chttp_tt_231,1939,8.0," Judy Garland, Frank Morgan",Victor Fleming 
231,Annie Hall,http://www.imdb.com/title/tt0075686/?pf_rd_m=A2FGELUUNOQJNL&pf_rd_p=e31d89dd-322d-4646-8962-327b42fe94b1&pf_rd_r=0E90E63ZSE044HFQM0G4&pf_rd_s=center-1&pf_rd_t=15506&pf_rd_i=top&ref_=chttp_tt_232,1977,8.0," Woody Allen, Diane Keaton",Woody Allen 
232,The Bourne Ultimatum,http://www.imdb.com/title/tt0440963/?pf_rd_m=A2FGELUUNOQJNL&pf_rd_p=e31d89dd-322d-4646-8962-327b42fe94b1&pf_rd_r=0E90E63ZSE044HFQM0G4&pf_rd_s=center-1&pf_rd_t=15506&pf_rd_i=top&ref_=chttp_tt_233,2007,8.0," Matt Damon, Edgar Ramírez",Paul Greengrass 
233,8½,http://www.imdb.com/title/tt0056801/?pf_rd_m=A2FGELUUNOQJNL&pf_rd_p=e31d89dd-322d-4646-8962-327b42fe94b1&pf_rd_r=0E90E63ZSE044HFQM0G4&pf_rd_s=center-1&pf_rd_t=15506&pf_rd_i=top&ref_=chttp_tt_234,1963,8.0," Marcello Mastroianni, Anouk Aimée",Federico Fellini 
234,Dead Poets Society,http://www.imdb.com/title/tt0097165/?pf_rd_m=A2FGELUUNOQJNL&pf_rd_p=e31d89dd-322d-4646-8962-327b42fe94b1&pf_rd_r=0E90E63ZSE044HFQM0G4&pf_rd_s=center-1&pf_rd_t=15506&pf_rd_i=top&ref_=chttp_tt_235,1989,8.0," Robin Williams, Robert Sean Leonard",Peter Weir 
235,Jaws,http://www.imdb.com/title/tt0073195/?pf_rd_m=A2FGELUUNOQJNL&pf_rd_p=e31d89dd-322d-4646-8962-327b42fe94b1&pf_rd_r=0E90E63ZSE044HFQM0G4&pf_rd_s=center-1&pf_rd_t=15506&pf_rd_i=top&ref_=chttp_tt_236,1975,8.0," Roy Scheider, Robert Shaw",Steven Spielberg 
236,The Help,http://www.imdb.com/title/tt1454029/?pf_rd_m=A2FGELUUNOQJNL&pf_rd_p=e31d89dd-322d-4646-8962-327b42fe94b1&pf_rd_r=0E90E63ZSE044HFQM0G4&pf_rd_s=center-1&pf_rd_t=15506&pf_rd_i=top&ref_=chttp_tt_237,2011,8.0," Emma Stone, Viola Davis",Tate Taylor 
237,The Best Years of Our Lives,http://www.imdb.com/title/tt0036868/?pf_rd_m=A2FGELUUNOQJNL&pf_rd_p=e31d89dd-322d-4646-8962-327b42fe94b1&pf_rd_r=0E90E63ZSE044HFQM0G4&pf_rd_s=center-1&pf_rd_t=15506&pf_rd_i=top&ref_=chttp_tt_238,1946,8.0," Myrna Loy, Dana Andrews",William Wyler 
238,Faa yeung nin wa,http://www.imdb.com/title/tt0118694/?pf_rd_m=A2FGELUUNOQJNL&pf_rd_p=e31d89dd-322d-4646-8962-327b42fe94b1&pf_rd_r=0E90E63ZSE044HFQM0G4&pf_rd_s=center-1&pf_rd_t=15506&pf_rd_i=top&ref_=chttp_tt_239,2000,8.0," Tony Chiu-Wai Leung, Maggie Cheung",Kar-Wai Wong 
239,Mou gaan dou,http://www.imdb.com/title/tt0338564/?pf_rd_m=A2FGELUUNOQJNL&pf_rd_p=e31d89dd-322d-4646-8962-327b42fe94b1&pf_rd_r=0E90E63ZSE044HFQM0G4&pf_rd_s=center-1&pf_rd_t=15506&pf_rd_i=top&ref_=chttp_tt_240,2002,8.0," Andy Lau, Tony Chiu-Wai Leung",Wai-Keung Lau 
240,"Paris, Texas",http://www.imdb.com/title/tt0087884/?pf_rd_m=A2FGELUUNOQJNL&pf_rd_p=e31d89dd-322d-4646-8962-327b42fe94b1&pf_rd_r=0E90E63ZSE044HFQM0G4&pf_rd_s=center-1&pf_rd_t=15506&pf_rd_i=top&ref_=chttp_tt_241,1984,8.0," Harry Dean Stanton, Nastassja Kinski",Wim Wenders 
241,Twelve Monkeys,http://www.imdb.com/title/tt0114746/?pf_rd_m=A2FGELUUNOQJNL&pf_rd_p=e31d89dd-322d-4646-8962-327b42fe94b1&pf_rd_r=0E90E63ZSE044HFQM0G4&pf_rd_s=center-1&pf_rd_t=15506&pf_rd_i=top&ref_=chttp_tt_242,1995,8.0," Bruce Willis, Madeleine Stowe",Terry Gilliam 
242,Beauty and the Beast,http://www.imdb.com/title/tt0101414/?pf_rd_m=A2FGELUUNOQJNL&pf_rd_p=e31d89dd-322d-4646-8962-327b42fe94b1&pf_rd_r=0E90E63ZSE044HFQM0G4&pf_rd_s=center-1&pf_rd_t=15506&pf_rd_i=top&ref_=chttp_tt_243,1991,8.0," Paige O'Hara, Robby Benson",Gary Trousdale 
243,Gangs of Wasseypur,http://www.imdb.com/title/tt1954470/?pf_rd_m=A2FGELUUNOQJNL&pf_rd_p=e31d89dd-322d-4646-8962-327b42fe94b1&pf_rd_r=0E90E63ZSE044HFQM0G4&pf_rd_s=center-1&pf_rd_t=15506&pf_rd_i=top&ref_=chttp_tt_244,2012,8.0," Manoj Bajpayee, Richa Chadha",Anurag Kashyap 
244,La battaglia di Algeri,http://www.imdb.com/title/tt0058946/?pf_rd_m=A2FGELUUNOQJNL&pf_rd_p=e31d89dd-322d-4646-8962-327b42fe94b1&pf_rd_r=0E90E63ZSE044HFQM0G4&pf_rd_s=center-1&pf_rd_t=15506&pf_rd_i=top&ref_=chttp_tt_245,1966,8.0," Brahim Hadjadj, Jean Martin",Gillo Pontecorvo 
245,Drishyam,http://www.imdb.com/title/tt4430212/?pf_rd_m=A2FGELUUNOQJNL&pf_rd_p=e31d89dd-322d-4646-8962-327b42fe94b1&pf_rd_r=0E90E63ZSE044HFQM0G4&pf_rd_s=center-1&pf_rd_t=15506&pf_rd_i=top&ref_=chttp_tt_246,2015,8.0," Ajay Devgn, Shriya Saran",Nishikant Kamat 
246,Ah-ga-ssi,http://www.imdb.com/title/tt4016934/?pf_rd_m=A2FGELUUNOQJNL&pf_rd_p=e31d89dd-322d-4646-8962-327b42fe94b1&pf_rd_r=0E90E63ZSE044HFQM0G4&pf_rd_s=center-1&pf_rd_t=15506&pf_rd_i=top&ref_=chttp_tt_247,2016,8.0," Min-hee Kim, Jung-woo Ha",Chan-wook Park 
247,Pirates of the Caribbean: The Curse of the Black Pearl,http://www.imdb.com/title/tt0325980/?pf_rd_m=A2FGELUUNOQJNL&pf_rd_p=e31d89dd-322d-4646-8962-327b42fe94b1&pf_rd_r=0E90E63ZSE044HFQM0G4&pf_rd_s=center-1&pf_rd_t=15506&pf_rd_i=top&ref_=chttp_tt_248,2003,8.0," Johnny Depp, Geoffrey Rush",Gore Verbinski 
248,Before Sunset,http://www.imdb.com/title/tt0381681/?pf_rd_m=A2FGELUUNOQJNL&pf_rd_p=e31d89dd-322d-4646-8962-327b42fe94b1&pf_rd_r=0E90E63ZSE044HFQM0G4&pf_rd_s=center-1&pf_rd_t=15506&pf_rd_i=top&ref_=chttp_tt_249,2004,8.0," Ethan Hawke, Julie Delpy",Richard Linklater 
249,PK,http://www.imdb.com/title/tt2338151/?pf_rd_m=A2FGELUUNOQJNL&pf_rd_p=e31d89dd-322d-4646-8962-327b42fe94b1&pf_rd_r=0E90E63ZSE044HFQM0G4&pf_rd_s=center-1&pf_rd_t=15506&pf_rd_i=top&ref_=chttp_tt_250,2014,8.0," Aamir Khan, Anushka Sharma Kohli",Rajkumar Hirani 
